"","Otu000153","Otu000226","Otu000645","Otu000460","Otu000620","Otu000115","Otu000359","Otu000169","Otu000334","Otu000186","Otu000121","Otu000211","Otu000124","Otu000013","Otu000284","Otu000095","Otu000060","Otu000108","Otu000375","Otu000079","Otu000046","Otu000038","Otu000084","Otu000331","Otu000042","Otu000454","Otu000117","Otu000165","Otu000183","Otu000012","Otu000394","Otu000391","Otu000035","Otu000201","Otu000378","Otu001162","Otu000071","Otu000800","Otu000103","Otu000288","Otu000099","Otu000349","Otu000100","Otu000175","Otu000185","Otu000252","Otu000385","Otu000039","Otu000150","Otu000179"
"1",1,22,29,36,43,57,78,99,106,113,120,134,155,176,190,197,204,211,225,232,239,253,274,288,302,309,330,344,351,358,386,393,407,414,421,449,463,484,491,519,540,568,582,589,596,617,631,673,680,687
"2",1,22,29,36,43,57,78,99,106,113,120,134,155,176,190,198,204,211,225,232,239,255,274,288,302,309,330,344,351,358,386,393,407,414,421,449,463,484,491,519,540,568,582,589,596,617,631,673,680,687
"3",1,22,29,36,43,57,78,99,106,113,120,134,155,180,190,197,204,211,225,233,239,253,274,288,302,309,330,344,351,360,386,393,409,414,421,449,463,484,491,519,540,568,582,589,596,617,631,673,680,687
"4",1,22,29,36,43,57,78,99,106,114,120,134,155,176,190,197,204,211,225,232,241,255,274,288,302,309,331,344,351,358,386,393,407,414,421,449,463,484,491,519,540,568,582,589,596,617,631,673,680,687
"5",1,22,29,36,43,57,78,99,106,113,120,134,155,177,190,197,204,211,225,232,242,253,274,288,302,309,330,344,351,359,386,393,408,414,421,449,464,484,491,519,540,568,582,590,596,617,632,673,680,687
"6",1,22,29,36,43,57,78,99,106,113,120,134,155,182,190,197,204,211,225,232,239,254,274,288,302,309,330,344,351,359,386,393,407,414,421,449,463,484,491,519,540,568,582,589,596,617,631,673,680,687
"7",1,22,29,36,43,57,78,99,106,113,120,134,155,177,190,198,207,211,225,232,239,253,274,288,302,309,330,344,351,358,386,393,407,414,421,449,465,484,491,519,540,568,582,589,596,617,631,674,680,687
"8",1,22,29,36,43,57,78,99,106,113,120,134,156,178,190,197,205,211,225,232,239,254,274,288,302,309,330,346,351,358,386,393,407,414,421,449,463,484,491,519,540,568,582,589,596,617,632,673,680,687
"9",1,22,29,36,43,57,78,99,106,113,120,134,155,177,190,197,204,211,225,233,239,253,274,288,302,309,330,344,352,359,386,393,410,414,421,449,464,484,491,519,540,568,582,589,596,617,631,673,680,687
"10",1,22,29,36,43,57,78,99,106,113,120,134,155,176,190,197,204,212,225,232,240,254,274,288,302,309,330,344,351,359,386,393,408,414,421,449,463,484,491,519,540,568,584,589,596,617,631,673,680,687
"11",1,22,29,36,43,57,78,99,106,113,120,134,157,182,190,197,207,211,225,232,240,253,274,288,302,309,330,344,351,360,386,393,411,414,421,449,463,484,491,519,540,568,582,589,596,617,631,673,680,687
"12",1,22,29,36,43,57,78,99,106,113,120,134,155,178,190,197,204,211,225,232,239,254,274,288,303,309,330,344,351,359,386,393,407,414,421,449,463,484,491,519,540,568,582,589,596,617,631,674,680,687
"13",1,22,29,36,43,57,78,99,106,113,120,134,155,178,190,197,205,211,225,232,239,253,274,288,302,309,330,344,351,359,386,393,409,414,421,449,463,484,491,519,540,568,583,589,596,617,631,673,680,687
"14",1,22,29,36,43,57,78,99,106,113,120,134,155,176,190,197,205,211,225,232,240,253,274,288,302,309,330,344,351,362,386,393,407,414,421,449,463,484,491,519,540,568,583,589,598,617,631,673,680,687
"15",1,22,29,36,43,57,78,99,106,113,120,134,155,179,190,197,204,211,225,232,239,254,275,288,302,309,330,344,351,360,386,393,407,414,421,449,463,484,491,519,540,568,582,589,596,617,631,673,680,687
"16",1,22,29,36,43,57,78,100,106,113,120,134,155,176,190,197,204,211,225,232,240,253,274,288,303,309,330,344,351,360,386,393,407,414,421,449,463,484,491,519,540,568,583,589,598,617,631,676,680,687
"17",1,22,29,36,43,57,78,99,106,113,120,134,155,181,190,197,204,211,225,232,239,253,274,288,302,309,330,344,351,359,386,393,407,414,421,449,463,484,491,519,540,568,583,589,596,617,631,677,680,687
"18",1,22,29,36,43,58,78,99,106,113,120,134,156,179,190,197,206,211,225,232,239,253,274,288,302,309,330,344,352,359,386,393,408,414,421,449,463,484,491,519,540,568,582,589,596,617,631,673,680,687
"19",1,22,29,36,43,57,78,99,106,113,120,134,155,179,190,197,204,211,225,232,239,253,274,288,302,309,330,344,351,359,386,393,408,414,421,449,463,484,491,519,540,568,582,589,596,617,631,674,680,687
"20",1,22,29,36,43,57,78,99,106,113,120,134,156,176,190,197,204,211,225,232,240,253,274,288,302,309,330,344,352,358,386,393,409,414,421,449,463,484,491,519,542,568,582,589,596,617,631,673,680,687
"21",1,22,29,36,43,57,80,99,106,113,120,134,155,176,190,197,204,211,225,233,239,253,274,288,302,309,330,344,351,358,386,393,407,414,421,449,464,484,491,519,540,568,582,589,596,617,631,673,680,687
"22",1,22,29,36,43,57,78,99,106,113,121,134,155,178,190,197,204,212,225,232,239,254,274,288,302,309,330,344,352,361,386,393,407,414,421,449,463,484,491,519,540,568,582,589,596,617,631,673,680,687
"23",1,22,29,36,43,57,78,99,106,113,120,139,155,178,191,197,204,211,225,232,239,253,274,288,302,309,330,344,352,363,386,393,408,414,421,449,463,484,491,519,540,568,582,589,597,617,631,673,680,687
"24",1,22,29,36,43,57,78,99,106,113,120,134,156,176,190,197,204,211,225,232,239,254,274,288,303,309,330,344,351,358,386,393,413,414,421,449,463,484,491,519,540,568,582,589,596,617,631,674,680,687
"25",1,22,29,36,43,57,78,99,106,113,120,134,155,179,190,197,204,211,225,238,239,253,274,288,302,309,330,344,351,358,386,393,408,414,421,449,464,484,491,519,540,568,582,589,596,617,631,674,680,687
"26",1,22,29,36,43,58,78,99,106,113,120,134,155,177,190,197,204,211,225,232,240,254,274,288,303,309,330,344,351,359,386,393,407,414,421,449,463,484,491,519,540,568,583,589,597,617,631,673,680,687
"27",1,22,29,36,43,57,78,99,106,113,120,134,155,176,190,197,204,211,225,232,239,256,274,288,302,309,330,344,351,358,386,393,408,414,421,449,463,484,491,519,540,568,582,589,596,617,631,673,680,687
"28",1,22,29,36,43,57,78,99,106,113,120,134,155,180,190,197,204,211,225,232,239,253,274,288,302,309,330,344,351,358,386,393,409,414,421,449,463,484,491,519,540,568,582,589,596,617,631,673,680,687
"29",1,22,29,36,43,57,78,99,106,113,120,134,155,181,190,197,204,211,225,233,239,253,274,288,302,309,330,344,351,360,386,393,409,414,421,449,464,484,491,519,540,568,582,589,596,617,631,674,680,687
"30",1,22,29,36,43,57,78,99,106,113,121,135,155,178,190,197,204,211,225,232,240,253,274,288,303,309,330,344,351,360,386,393,411,414,421,449,463,484,491,519,540,568,582,589,596,617,631,673,680,687
"31",1,22,29,36,43,57,78,99,106,113,120,134,155,176,190,199,204,211,225,232,239,258,274,288,303,309,330,344,351,358,386,393,407,414,421,449,463,484,491,519,540,568,582,589,596,617,631,673,680,687
"32",1,22,29,36,43,57,78,99,106,113,120,134,155,177,190,197,204,211,225,234,239,253,274,288,302,309,330,344,351,359,386,393,407,414,421,449,465,484,491,519,540,568,582,589,596,617,631,673,680,687
"33",1,22,29,36,43,57,78,99,106,113,120,134,155,178,190,197,204,211,225,232,239,256,274,288,302,309,330,344,351,358,386,393,407,414,421,449,464,484,491,519,540,568,582,589,596,617,631,676,680,687
"34",1,22,29,36,43,59,78,99,106,113,120,134,155,178,190,197,204,211,225,232,239,253,274,288,302,309,330,344,351,360,386,393,407,414,421,449,464,484,491,519,540,568,582,589,596,617,631,673,680,687
"35",1,22,29,36,43,57,78,99,106,113,120,134,155,177,190,197,206,211,225,232,239,255,274,288,302,309,330,344,351,363,386,393,409,415,421,449,463,484,491,519,540,568,582,589,596,617,631,674,680,687
"36",1,22,29,36,43,57,78,99,106,113,120,134,155,182,190,197,204,211,225,235,239,253,274,288,302,309,330,344,351,362,386,393,413,414,421,449,463,484,491,519,540,568,582,589,596,617,631,674,680,687
"37",1,22,29,36,43,57,78,99,106,113,120,134,156,176,190,197,204,211,225,232,239,253,277,292,302,309,330,344,351,358,386,393,407,414,421,449,464,484,491,519,540,568,582,589,596,617,632,674,680,687
"38",1,22,29,36,43,57,78,99,106,113,120,134,155,177,190,197,204,211,225,232,240,253,274,288,302,309,330,344,351,360,386,393,407,414,421,449,464,484,491,519,540,568,582,589,596,617,631,673,680,687
"39",1,22,29,36,43,57,78,99,106,113,120,134,155,178,190,197,204,211,225,232,239,253,274,288,303,309,330,344,351,359,386,393,409,414,421,449,463,484,491,519,540,568,582,589,596,617,631,674,682,687
"40",1,22,29,36,43,57,78,99,106,113,120,134,155,178,190,197,206,211,225,232,245,253,274,288,302,309,330,344,351,359,386,393,408,415,421,449,463,484,491,519,540,568,582,589,596,617,631,674,680,687
"41",1,22,29,36,43,57,78,99,106,113,120,138,155,177,190,197,204,211,225,232,239,253,274,288,302,309,330,344,351,360,386,393,408,414,421,449,463,484,491,519,540,568,582,589,596,617,631,673,680,687
"42",1,22,29,36,43,57,78,99,106,113,121,134,155,179,190,197,206,211,225,232,239,253,274,288,302,309,330,344,351,359,386,393,407,414,421,449,463,484,491,519,541,568,582,589,597,617,631,673,680,687
"43",1,22,29,36,43,57,78,99,106,114,120,134,155,177,190,197,204,211,225,232,239,255,274,288,302,309,330,344,351,358,386,393,407,414,421,449,463,484,491,519,540,568,582,589,596,617,631,673,680,687
"44",1,22,29,36,43,57,78,99,106,113,120,134,155,181,190,197,204,211,225,233,239,253,274,288,302,309,330,344,351,361,386,393,410,414,421,449,463,484,491,519,540,568,582,589,596,617,631,673,680,687
"45",1,22,29,36,43,57,78,99,106,113,120,135,155,177,190,197,204,211,225,232,244,253,275,288,302,309,330,344,353,359,386,393,407,414,421,449,463,484,491,519,540,568,582,589,596,617,631,675,680,687
"46",1,22,29,36,43,57,78,99,106,113,120,134,155,179,190,197,204,211,225,232,239,254,274,288,303,309,330,344,351,358,386,393,407,414,421,449,463,484,491,519,540,568,583,589,598,617,631,675,680,687
"47",1,22,29,36,43,57,78,99,106,113,120,134,155,179,190,197,206,211,225,235,239,253,274,288,302,309,330,344,351,360,386,393,410,414,421,449,463,484,491,519,540,568,582,589,596,617,631,673,680,687
"48",1,22,29,36,43,57,78,99,106,113,120,134,155,177,190,197,205,211,225,232,239,253,274,288,302,309,330,344,351,358,386,393,407,414,421,449,463,484,491,519,540,568,582,589,596,617,631,674,682,687
"49",1,22,29,36,43,57,78,99,106,113,120,134,157,179,190,197,208,211,228,234,244,253,274,288,302,309,330,344,351,362,386,393,407,414,421,449,463,484,491,519,540,568,582,589,596,617,631,674,680,687
"50",1,22,29,36,43,57,78,99,106,113,120,134,155,177,190,197,204,211,225,235,239,253,274,288,302,309,330,344,351,359,386,393,408,414,421,449,464,484,491,519,540,568,582,590,596,617,631,673,680,687
"51",1,22,29,36,43,57,78,99,106,113,120,134,155,178,190,197,204,211,225,233,241,253,274,288,302,309,330,344,351,359,386,393,407,414,421,449,464,484,491,519,540,568,582,589,596,617,631,673,680,687
"52",1,22,29,36,43,57,78,99,106,113,120,134,155,177,190,197,206,211,226,232,241,253,274,288,302,309,330,344,353,359,387,393,409,414,422,449,464,484,491,519,540,568,582,589,597,617,631,674,680,687
"53",1,22,29,36,43,57,78,99,106,113,120,134,155,180,190,197,204,211,225,232,239,253,274,288,302,309,330,344,351,359,386,393,413,414,421,449,464,484,491,519,540,568,582,589,596,617,631,677,680,687
"54",1,22,29,36,43,57,78,99,106,113,120,134,155,180,190,197,206,211,225,232,239,253,274,288,303,309,330,344,351,359,386,393,407,414,421,449,463,484,491,519,540,568,582,589,596,617,631,673,680,687
"55",1,22,29,36,43,57,78,99,106,113,120,134,155,178,190,197,204,212,225,232,239,259,274,288,302,309,330,344,351,358,386,393,411,414,421,449,464,484,491,519,540,568,582,589,596,617,631,673,680,687
"56",1,22,29,36,43,57,78,99,106,113,120,134,155,176,190,197,204,211,225,232,239,253,274,288,302,309,330,344,351,358,386,393,407,414,421,449,463,484,491,519,540,568,582,589,596,617,631,679,680,687
"57",1,22,29,36,43,57,78,99,106,113,120,134,156,178,190,197,204,211,225,232,245,253,274,288,302,309,330,345,351,358,386,393,409,414,421,449,463,484,491,519,540,568,582,589,596,617,631,673,680,687
"58",1,22,29,36,43,57,78,99,106,113,120,134,155,181,190,197,204,211,225,237,239,253,275,288,302,309,330,344,351,360,386,393,407,414,421,449,463,484,491,519,540,568,582,589,596,617,631,674,680,687
"59",1,22,29,36,43,57,78,99,106,113,120,134,155,176,190,197,208,211,225,232,239,256,280,288,302,309,330,344,351,358,386,393,407,414,421,449,463,484,491,519,540,568,582,589,596,618,631,674,680,687
"60",1,22,29,36,43,57,78,99,106,113,120,134,155,178,190,197,204,211,225,232,239,253,275,288,303,309,330,344,351,358,386,393,408,414,421,449,463,484,491,519,540,568,582,589,596,617,631,673,680,687
"61",1,22,29,36,43,57,78,99,106,113,120,134,155,182,190,197,204,211,225,232,239,254,274,288,302,309,330,344,351,358,386,393,413,414,421,449,463,484,491,519,540,568,582,589,596,617,631,673,680,687
"62",1,22,29,36,43,57,78,99,106,113,120,134,156,181,190,197,204,211,225,232,239,253,275,288,302,309,330,344,351,358,386,393,410,414,421,449,464,484,491,519,540,568,582,589,596,617,632,675,680,687
"63",1,22,29,36,43,57,78,99,106,113,120,134,155,179,190,197,204,211,225,232,239,254,274,288,302,309,330,344,351,359,386,393,407,414,421,449,463,484,491,519,540,568,582,589,598,617,631,673,680,687
"64",1,22,29,36,43,57,78,99,106,113,120,134,155,180,190,197,204,211,225,234,239,253,274,288,302,309,330,344,351,360,386,393,409,414,422,449,464,484,493,519,540,568,582,589,596,617,631,673,680,687
"65",1,22,29,36,43,57,78,99,106,113,120,137,155,177,190,197,206,211,225,232,239,253,274,288,302,309,330,344,351,359,386,393,407,414,421,449,464,484,491,519,540,568,582,589,598,617,631,675,681,687
"66",1,22,29,36,43,57,78,99,106,113,120,134,155,180,190,197,204,211,225,232,239,253,274,288,302,309,330,344,351,364,386,393,410,414,421,449,463,484,491,519,540,568,582,589,597,617,631,674,680,687
"67",1,22,29,36,43,57,78,99,106,113,120,134,155,177,190,197,204,211,225,232,239,253,274,288,302,309,330,344,351,359,386,393,408,414,421,449,463,484,491,519,540,568,582,589,596,617,631,673,680,687
"68",1,22,29,36,43,57,78,99,106,113,121,134,155,182,190,197,205,211,225,232,239,253,274,288,302,309,330,344,351,360,386,393,409,414,421,449,463,484,491,519,540,568,582,589,599,617,631,673,680,687
"69",1,22,29,36,43,57,78,99,106,113,121,134,155,180,190,197,204,214,225,232,239,253,274,288,302,309,330,344,351,359,386,393,407,414,421,449,463,484,491,519,540,568,582,589,598,618,631,673,680,687
"70",1,22,29,36,43,57,78,99,106,113,120,134,155,178,190,197,204,211,225,233,240,253,274,288,302,309,330,344,351,362,386,393,407,414,421,449,464,484,491,519,540,568,582,589,597,617,631,675,680,687
"71",1,22,29,36,43,57,78,99,106,113,120,134,155,176,190,197,210,213,225,232,239,254,274,288,302,309,330,344,351,360,386,393,407,414,421,449,463,484,491,519,540,568,582,589,597,617,631,673,680,687
"72",1,22,29,36,43,57,80,99,106,113,120,134,155,177,190,197,204,211,225,233,240,253,274,288,302,309,330,344,351,359,386,393,408,414,421,449,463,484,491,519,540,568,582,589,596,617,631,673,680,687
"73",1,22,29,36,43,57,78,99,106,113,120,134,155,176,190,198,204,211,225,232,239,254,275,288,302,309,330,344,351,358,386,393,407,414,421,449,463,484,491,519,540,568,582,589,596,617,631,673,680,687
"74",1,22,29,36,43,57,78,99,106,113,120,134,155,181,190,197,205,211,225,232,239,253,274,288,302,309,330,344,351,360,386,393,408,414,421,449,463,484,491,519,540,568,582,589,596,617,631,674,680,687
"75",1,22,29,36,43,57,78,99,106,113,120,134,155,180,190,197,204,211,225,235,240,253,274,288,302,309,330,344,351,360,386,393,411,414,421,449,464,484,492,519,540,568,582,589,596,617,631,673,680,687
"76",1,22,29,36,43,57,78,99,106,113,120,134,155,177,190,197,204,211,225,232,239,254,274,288,303,309,330,344,351,359,386,393,411,414,421,449,463,484,491,519,540,568,582,589,596,617,631,674,680,687
"77",1,22,29,36,43,57,78,99,106,113,120,134,155,176,190,197,205,211,225,232,239,253,274,288,302,309,330,344,351,358,386,393,407,414,421,449,463,484,491,519,540,568,582,589,596,617,631,673,680,687
"78",1,22,29,36,43,57,78,99,106,113,120,134,155,182,190,197,206,211,225,232,245,253,274,288,302,309,330,344,351,361,386,393,407,414,421,449,463,484,491,519,540,568,582,589,596,617,631,674,680,687
"79",1,22,29,36,43,57,78,99,106,113,120,134,155,177,190,197,209,211,225,232,239,253,274,288,302,309,330,344,351,359,386,393,407,414,421,449,463,485,491,519,540,568,582,589,596,617,631,673,680,687
"80",1,22,29,36,43,57,78,99,106,113,120,134,156,177,190,197,205,211,225,232,240,253,274,288,303,309,330,344,351,359,386,393,409,414,421,449,464,484,491,519,540,568,582,589,596,617,632,673,680,687
"81",1,22,29,36,43,57,78,99,106,113,120,134,155,177,190,197,205,211,225,232,240,253,274,288,303,309,330,344,351,358,386,393,407,414,421,449,463,484,491,519,540,568,582,589,596,617,631,673,680,687
"82",1,22,29,36,43,57,78,99,106,113,120,134,155,177,190,197,204,211,225,232,242,253,274,288,302,309,330,344,351,358,386,393,412,414,421,449,464,484,491,519,540,568,582,589,596,617,631,673,680,687
"83",1,22,29,36,43,57,78,99,106,113,120,134,155,178,190,197,205,211,225,233,242,253,274,288,302,309,330,344,351,360,386,393,410,414,421,449,463,484,491,519,540,568,582,589,596,617,631,673,680,687
"84",1,22,29,36,43,57,78,99,106,113,120,134,155,178,190,197,205,211,225,232,239,253,274,288,302,309,330,344,351,359,386,393,407,414,421,449,464,484,491,519,540,568,582,590,596,617,631,674,680,687
"85",1,22,29,36,43,57,78,99,106,113,120,134,155,177,190,197,204,211,225,232,239,253,274,288,302,309,330,344,352,359,386,393,408,414,421,449,464,484,491,519,540,568,582,589,596,617,632,673,680,687
"86",1,22,29,36,43,57,78,99,106,113,120,134,155,182,190,197,204,211,225,232,239,255,274,288,306,309,330,344,351,358,386,393,407,414,421,449,463,484,491,519,540,568,582,589,596,618,631,673,680,687
"87",1,22,29,36,43,57,78,99,106,113,120,134,155,180,190,197,204,211,225,232,239,253,274,288,303,309,330,344,351,358,386,393,409,414,421,449,463,484,491,519,540,568,582,589,596,617,631,679,680,687
"88",1,22,29,36,43,57,78,99,106,113,120,134,156,179,190,197,204,211,225,232,242,253,274,288,303,309,330,344,351,359,386,393,408,414,421,449,464,484,491,519,540,568,582,589,596,617,631,676,680,687
"89",1,22,29,36,43,57,78,99,106,113,120,134,155,178,190,197,204,211,225,232,239,253,274,288,302,309,330,344,351,358,386,393,407,414,421,449,464,486,491,519,540,568,582,589,596,617,631,673,680,687
"90",1,22,29,36,43,57,78,99,106,113,120,134,155,177,190,197,204,211,225,234,244,253,274,288,302,309,330,344,351,359,386,393,407,414,421,449,464,484,491,519,540,568,582,590,596,617,631,674,680,687
"91",1,22,29,36,43,57,78,99,106,113,121,134,155,178,190,197,204,211,225,232,239,253,274,288,303,309,330,344,352,360,386,393,413,414,424,449,463,484,491,519,540,568,582,589,596,617,631,674,680,687
"92",1,22,29,36,43,57,78,99,106,113,120,134,155,179,190,197,204,211,225,232,242,253,274,288,302,309,330,344,351,360,386,393,409,414,421,449,463,484,491,519,540,568,582,589,596,617,631,679,680,687
"93",1,22,29,36,43,57,78,99,106,113,120,134,155,177,190,197,206,211,225,232,239,253,274,288,302,309,330,344,351,364,386,393,408,414,421,449,463,484,491,519,540,568,582,589,596,617,631,673,680,687
"94",1,22,29,36,43,57,78,99,106,113,120,135,155,177,190,197,204,211,225,233,239,253,274,288,302,309,330,344,351,359,386,393,408,414,421,449,464,484,491,519,540,568,582,589,596,617,631,673,680,687
"95",1,22,29,36,43,61,78,99,106,113,120,134,155,177,190,197,204,211,225,232,241,253,274,288,302,309,330,344,351,358,386,393,408,414,421,449,463,484,491,519,540,568,582,589,596,617,631,673,680,687
"96",1,22,29,36,43,57,78,99,106,113,120,134,155,177,190,197,204,211,225,232,239,253,274,288,302,309,330,344,351,362,386,393,407,414,421,449,463,484,491,519,540,568,582,589,596,617,631,674,680,687
"97",1,22,29,36,43,57,78,99,106,113,120,134,155,179,190,197,204,211,225,232,239,253,275,288,303,309,332,344,351,359,386,393,409,414,421,449,463,484,491,519,540,568,582,589,596,617,631,679,680,687
"98",1,22,29,36,43,57,78,99,106,113,121,134,155,176,190,197,204,211,225,232,240,253,274,288,302,309,330,344,351,363,386,393,413,414,421,449,463,484,491,519,540,568,582,589,600,617,631,673,681,687
"99",1,22,29,36,43,57,78,99,106,113,120,134,155,177,190,197,205,211,225,232,239,253,274,288,302,309,330,344,352,359,386,393,407,414,421,449,463,484,491,519,540,568,582,589,596,617,631,674,681,687
"100",1,22,29,36,43,57,78,99,106,114,120,134,155,177,190,197,204,211,226,232,242,253,274,288,302,309,330,344,351,359,386,393,408,414,421,449,463,484,491,519,540,568,582,589,596,617,632,673,680,687
"101",1,22,29,36,43,57,78,99,106,113,120,134,155,178,190,197,204,211,225,234,239,253,274,288,302,309,330,344,351,358,386,393,407,414,421,449,465,484,491,519,540,568,582,589,596,617,632,673,680,687
"102",1,22,29,36,43,57,78,99,106,113,120,134,155,180,190,197,204,211,225,232,239,253,274,288,302,309,330,344,351,358,386,393,407,414,421,449,464,484,491,519,541,568,582,589,596,617,631,673,680,688
"103",7,22,29,36,43,57,78,99,106,113,120,134,155,176,190,198,204,213,225,232,239,253,274,288,302,309,331,344,351,360,386,393,407,414,421,449,463,484,491,519,540,568,582,589,596,617,631,677,680,687
"104",1,22,29,36,43,57,78,99,106,113,120,134,155,182,190,200,204,213,225,232,239,256,274,288,302,309,330,344,351,358,386,393,407,414,421,449,463,484,491,519,540,568,582,589,596,617,631,673,680,687
"105",1,22,29,36,43,57,78,99,106,113,120,135,155,177,190,197,205,211,225,234,239,253,274,288,302,309,330,344,351,359,386,393,408,414,421,449,464,484,491,519,540,569,582,589,596,617,632,673,681,687
"106",1,22,29,36,43,57,78,99,106,113,120,134,156,180,190,197,204,211,225,232,239,253,274,288,302,309,330,344,351,359,386,393,407,414,421,449,463,484,491,519,540,568,582,589,596,617,631,679,680,687
"107",1,22,29,36,43,63,78,100,106,113,120,134,155,177,190,197,204,211,225,232,240,253,274,288,303,309,330,344,352,359,386,393,407,414,421,449,463,484,491,519,540,568,582,590,596,617,631,675,680,687
"108",7,22,29,36,43,57,78,99,106,113,120,134,156,178,190,197,205,211,225,232,239,253,274,288,302,309,330,344,351,359,386,393,407,414,421,449,463,484,491,519,540,568,582,589,596,617,631,676,680,687
"109",1,22,29,36,43,57,78,99,106,113,120,134,155,178,190,197,204,211,225,233,239,253,277,288,302,309,330,344,351,359,386,393,407,414,421,449,464,484,491,519,540,568,582,589,596,617,631,673,680,687
"110",1,22,29,36,43,57,78,99,106,113,120,134,155,176,190,197,205,211,225,232,239,253,274,288,302,309,330,344,351,359,386,393,413,414,421,449,463,484,491,519,540,568,582,589,596,617,631,673,680,687
"111",1,22,29,36,43,57,78,99,106,113,120,134,155,177,190,197,204,211,225,232,239,253,274,288,302,309,330,344,351,359,386,393,407,414,421,449,463,484,491,519,540,568,582,589,596,617,631,674,680,687
"112",1,22,29,36,43,57,78,99,106,113,120,134,155,176,190,197,204,212,225,233,239,257,274,288,302,309,330,344,351,359,386,393,407,414,421,449,464,484,491,519,540,568,582,589,596,617,631,673,680,687
"113",1,22,29,36,43,57,78,99,106,113,120,135,155,177,190,197,204,211,225,233,239,253,274,288,302,309,331,344,351,360,386,393,408,414,421,449,464,484,491,519,540,568,582,589,596,617,632,673,680,687
"114",1,22,29,36,43,57,78,99,106,113,120,134,155,177,190,197,204,211,225,237,239,253,274,288,302,309,330,344,351,358,386,393,408,414,421,449,464,484,491,519,540,568,582,590,596,617,631,673,680,687
"115",1,22,29,36,43,57,78,99,106,113,120,134,155,182,190,197,204,212,225,232,240,254,274,288,302,309,330,344,351,359,386,393,412,414,421,449,463,484,491,519,540,568,582,589,596,617,631,673,680,687
"116",1,22,29,36,43,57,78,99,106,113,121,136,156,179,190,197,204,211,225,232,242,253,274,288,303,309,330,344,351,361,386,393,407,414,421,449,463,484,491,519,540,568,583,589,596,617,631,676,680,687
"117",1,22,29,36,43,57,78,99,106,113,120,134,155,179,190,198,204,212,225,232,240,254,274,288,302,309,331,344,351,358,386,393,407,414,421,449,463,484,491,519,540,568,582,589,596,617,631,673,680,687
"118",1,22,29,36,43,57,78,99,106,113,120,134,155,177,190,197,204,211,225,232,240,253,274,288,302,309,330,344,351,358,386,393,407,414,421,449,464,484,492,519,540,568,582,589,596,617,632,673,680,687
"119",1,22,29,36,43,57,78,99,106,114,120,134,155,180,190,197,204,211,225,232,239,253,274,288,302,309,330,344,351,358,386,393,407,414,421,449,463,484,491,519,540,568,582,589,596,617,631,673,680,690
"120",1,22,29,36,43,57,78,99,106,113,120,134,155,178,190,197,204,211,225,232,239,253,279,288,302,309,330,344,351,363,386,393,407,414,421,449,464,484,491,519,540,568,582,589,596,617,631,674,680,687
"121",1,22,29,36,43,57,78,99,106,113,120,134,155,176,190,197,205,211,225,232,239,254,274,288,302,309,330,344,354,358,386,393,407,414,421,449,463,484,491,519,540,568,582,589,596,617,631,673,680,687
"122",1,22,29,36,43,57,78,99,106,113,121,134,156,176,190,197,204,211,225,232,239,253,274,288,303,309,330,344,351,360,388,393,407,414,421,449,463,484,491,519,540,568,582,589,597,617,631,679,680,687
"123",1,22,29,36,43,57,78,99,106,113,120,134,155,176,190,197,204,211,225,232,240,253,274,288,302,309,330,344,351,360,386,393,413,414,421,449,464,484,491,519,540,568,582,589,596,617,631,674,680,687
"124",1,22,29,36,43,57,78,99,106,113,120,134,155,177,190,197,204,211,225,234,239,253,274,288,302,309,330,344,351,360,386,393,409,414,421,449,463,484,497,519,540,568,582,589,596,617,631,673,681,687
"125",2,22,29,36,43,57,78,99,106,113,120,134,155,177,191,197,204,211,225,232,239,253,274,288,302,309,330,344,351,361,386,393,409,414,421,449,463,484,491,519,540,568,582,589,596,617,631,673,680,687
"126",1,22,29,36,43,57,78,99,106,113,120,134,155,177,190,197,206,211,225,232,239,253,274,288,303,309,330,344,351,359,386,393,408,414,421,449,463,484,491,519,540,568,583,589,596,617,631,675,680,687
"127",1,22,29,36,43,57,78,99,106,113,120,134,156,182,190,197,204,211,225,232,239,254,274,288,302,309,332,344,351,364,386,393,407,414,421,449,463,484,491,519,540,568,582,589,596,618,631,673,680,687
"128",1,22,29,36,43,57,78,99,106,113,120,134,155,182,190,197,204,211,225,232,239,259,274,288,303,309,331,344,351,358,386,393,409,414,421,449,463,484,491,519,540,568,582,589,596,617,631,673,680,687
"129",1,22,29,36,43,57,78,99,106,113,120,134,155,178,190,197,204,211,225,232,245,253,274,288,302,309,330,344,351,358,386,393,407,414,421,449,463,484,491,519,540,568,582,589,596,617,631,673,680,687
"130",1,22,29,36,43,57,78,99,106,113,120,134,155,177,190,197,204,211,225,237,239,253,274,288,303,309,330,344,351,364,386,393,410,414,421,449,463,484,491,519,540,568,582,589,596,617,631,674,680,687
"131",1,22,29,36,43,57,78,99,106,113,120,134,155,177,190,197,204,211,225,232,239,254,274,288,302,309,330,344,351,360,386,393,407,414,421,449,463,484,491,519,540,568,582,589,599,617,631,675,680,687
"132",1,22,29,36,43,57,78,99,106,113,120,134,155,176,190,197,204,214,225,232,243,254,274,288,302,309,330,344,351,359,386,393,407,414,421,449,463,484,491,519,540,568,582,589,597,617,631,673,680,687
"133",1,22,29,36,43,57,78,99,106,113,120,134,157,180,190,197,204,211,225,232,239,253,276,288,303,309,330,345,351,360,386,393,409,414,421,449,463,484,491,519,540,568,582,589,596,617,631,674,680,687
"134",1,22,29,36,43,57,78,99,106,113,120,134,156,178,190,197,205,211,225,232,239,253,274,288,302,309,330,344,351,362,386,393,409,414,421,449,463,484,491,519,540,568,582,589,596,617,631,677,680,687
"135",1,22,29,36,43,57,78,99,106,113,120,134,155,180,190,197,205,211,225,233,239,253,274,288,303,309,330,344,351,359,386,393,409,414,421,449,463,484,491,519,540,568,582,589,596,617,631,673,680,687
"136",1,22,29,36,43,57,78,99,106,113,120,134,157,178,190,197,204,211,225,232,245,253,280,288,302,309,330,344,351,359,386,393,407,414,421,449,463,484,491,519,540,568,582,589,596,617,631,674,680,687
"137",1,22,29,36,43,57,78,99,106,113,120,134,155,182,190,197,204,211,225,232,239,254,274,288,302,309,330,344,351,364,386,393,407,414,421,449,463,484,491,520,540,568,582,589,596,617,631,673,680,687
"138",1,22,29,36,43,57,78,99,106,113,120,134,155,176,190,197,205,211,225,233,243,253,274,288,302,309,330,344,352,359,386,393,407,414,421,449,465,484,491,519,540,568,582,589,596,617,631,674,680,687
"139",1,22,29,36,43,57,78,99,106,113,120,134,155,177,190,197,204,211,225,232,244,254,274,288,302,309,330,344,351,358,386,393,407,414,421,449,463,484,491,519,540,568,583,589,596,617,631,673,680,687
"140",1,22,29,36,43,57,78,99,106,113,120,134,155,177,190,197,205,211,225,232,239,253,274,288,302,309,330,344,351,360,386,393,408,414,421,449,464,484,491,519,540,568,582,589,596,617,631,675,680,687
"141",1,22,29,36,43,57,78,99,106,113,120,134,155,176,190,197,204,211,225,232,240,254,274,288,302,309,331,345,351,359,386,393,407,414,421,449,463,484,494,519,540,568,584,589,596,617,631,673,680,687
"142",1,22,29,36,43,57,78,99,106,113,120,135,156,178,190,197,204,211,225,232,240,253,274,288,302,309,330,344,351,359,386,393,407,414,422,449,463,484,491,519,540,568,582,590,596,617,631,675,680,687
"143",1,22,29,36,43,57,78,99,106,113,120,134,155,181,190,198,204,211,225,232,239,253,280,288,302,309,330,344,351,359,386,393,408,414,421,449,463,484,493,519,540,568,582,589,596,617,631,673,680,687
"144",1,22,29,36,43,57,78,99,106,113,121,134,155,180,191,197,205,211,225,232,241,253,274,288,302,309,330,344,351,358,386,393,407,414,421,449,464,484,491,519,540,568,582,589,596,617,631,673,680,687
"145",1,22,29,36,43,57,78,100,106,113,120,134,155,178,190,197,205,211,227,232,239,253,274,288,302,309,330,344,351,359,386,397,407,414,421,449,463,484,491,519,541,568,582,589,596,617,631,673,680,687
"146",1,22,29,36,43,57,78,99,106,113,120,134,155,177,190,197,204,211,225,232,239,253,274,288,302,309,330,344,351,358,386,393,407,414,422,449,464,484,491,519,540,568,582,589,596,617,631,673,680,687
"147",1,22,29,36,43,57,78,99,106,113,120,134,156,179,190,197,204,211,226,232,240,253,274,288,302,309,330,344,351,361,386,393,408,414,421,449,465,484,491,519,540,568,582,589,596,617,631,673,680,687
"148",1,22,29,36,43,57,78,99,106,114,120,134,155,176,190,198,204,212,225,232,239,255,274,288,302,309,330,344,351,359,386,393,407,414,421,449,463,484,491,519,540,568,582,589,596,617,631,673,680,687
"149",1,22,29,36,43,57,78,99,106,113,120,134,155,177,190,197,204,211,225,233,241,253,274,288,302,309,330,344,351,360,386,393,407,414,421,449,465,484,491,519,540,568,582,589,596,617,631,673,680,687
"150",1,22,29,36,43,57,78,99,106,113,120,134,158,178,190,198,206,211,225,232,239,253,274,288,303,309,330,344,351,358,386,393,407,414,421,449,463,484,491,519,540,568,582,589,596,617,631,674,680,687
"151",1,22,29,36,43,57,78,99,106,113,120,134,156,182,190,197,204,212,225,232,239,255,274,288,302,309,330,344,351,363,386,393,413,414,421,449,463,484,491,519,541,568,582,589,598,617,631,673,680,687
"152",1,22,29,36,43,57,78,99,106,113,120,134,155,176,190,197,204,211,225,232,240,259,274,288,303,309,330,344,351,358,386,393,407,414,421,449,463,484,491,519,540,568,582,589,596,617,631,673,680,688
"153",1,22,29,36,43,57,78,99,106,114,120,134,155,181,190,202,204,211,225,232,239,254,274,288,303,309,330,344,351,364,386,393,407,414,421,449,463,484,491,519,541,568,582,589,596,617,631,673,680,687
"154",1,22,29,36,43,57,78,99,106,113,120,134,155,176,190,197,205,211,225,233,239,253,274,288,302,309,330,344,351,359,386,393,407,414,421,449,464,484,491,519,541,568,582,589,597,618,631,673,680,688
"155",1,22,29,36,43,57,78,99,106,113,120,134,155,176,190,197,204,211,225,232,240,253,274,288,302,309,330,344,351,359,386,393,411,414,421,449,463,484,491,519,540,568,582,589,597,617,631,673,680,687
"156",1,22,29,36,43,57,78,100,106,113,120,134,155,181,190,197,204,211,225,232,239,253,274,288,302,309,330,344,353,358,386,393,407,414,421,449,463,484,491,519,540,568,582,589,597,617,631,673,680,688
"157",1,22,29,36,43,57,78,99,106,113,120,134,155,176,190,197,204,211,225,237,240,253,274,288,302,309,330,344,351,360,386,393,411,414,421,449,463,484,491,519,540,568,583,589,596,617,631,673,680,687
"158",1,22,29,36,43,57,78,99,106,113,121,134,156,177,190,197,208,213,227,232,239,253,274,288,302,309,330,344,352,364,386,393,407,414,421,449,463,484,491,519,540,568,582,589,596,617,631,673,680,687
"159",1,22,29,36,43,57,78,100,106,113,120,134,155,177,190,197,204,211,225,232,239,253,274,288,302,309,330,344,351,360,386,393,408,414,421,449,469,484,491,519,541,568,582,589,596,617,631,673,680,687
"160",1,22,29,36,43,57,78,99,106,113,120,134,155,177,190,197,204,211,225,232,239,254,274,288,303,309,330,344,351,359,386,393,407,414,421,449,463,484,491,519,540,568,582,589,598,617,631,674,680,687
"161",1,22,29,36,43,57,78,99,106,113,120,134,155,182,190,197,204,211,225,232,239,253,274,288,303,309,330,344,351,358,386,393,407,414,421,449,463,484,491,519,540,568,583,589,596,617,631,678,680,687
"162",1,22,29,36,43,57,78,99,106,113,120,134,156,178,190,197,204,211,225,233,239,253,274,288,302,309,330,344,351,359,386,393,408,414,421,449,465,484,491,519,540,568,582,589,596,617,631,673,680,687
"163",1,22,29,36,43,57,78,99,106,113,120,134,155,176,191,197,206,211,228,232,239,253,274,288,302,309,330,344,351,364,386,393,407,414,421,449,463,484,491,519,540,568,582,589,596,617,631,673,681,687
"164",1,22,29,36,43,57,78,99,106,113,120,134,155,179,190,197,204,211,225,232,239,253,274,288,302,309,330,344,351,359,386,393,408,414,421,449,464,484,491,519,540,568,582,589,597,617,631,674,680,687
"165",1,22,29,36,43,57,78,99,106,113,120,134,155,177,190,197,204,211,225,232,239,253,274,288,302,309,330,344,351,361,386,393,407,414,422,449,463,484,491,519,540,568,582,589,596,617,631,673,680,687
"166",1,22,29,36,43,57,78,99,106,113,120,134,155,178,190,197,204,211,225,232,239,253,275,288,303,309,330,344,351,358,386,393,411,414,421,449,463,484,492,519,540,568,582,589,596,617,631,673,680,687
"167",1,22,29,36,43,57,78,99,106,113,120,134,156,179,190,197,205,211,225,232,239,253,274,288,302,309,331,344,351,361,386,393,407,414,421,449,463,484,491,519,540,568,582,589,596,617,631,675,680,687
"168",1,22,29,36,43,57,78,99,106,113,120,134,155,178,190,197,204,211,225,232,239,253,274,288,302,309,330,344,351,359,386,393,408,414,421,449,463,484,491,519,540,568,582,589,596,617,632,673,680,687
"169",1,22,29,36,43,57,78,99,106,113,120,134,156,176,190,197,204,211,225,232,241,253,274,288,302,309,330,344,351,358,386,393,407,414,421,449,466,484,491,519,540,568,582,589,596,617,632,675,680,687
"170",1,22,29,36,43,57,78,99,106,113,120,134,155,178,190,197,204,211,225,233,239,253,274,288,302,309,330,344,351,359,386,393,407,414,421,449,463,484,491,519,540,568,582,589,596,617,631,676,680,687
"171",1,22,29,36,43,57,78,99,106,113,120,134,155,178,190,197,204,211,225,232,239,253,274,288,302,309,330,344,351,359,386,393,409,414,421,449,463,484,491,519,540,568,582,589,597,617,631,674,680,687
"172",1,22,29,36,43,57,78,99,106,113,120,134,155,181,190,197,204,211,225,232,239,253,274,288,302,309,330,344,351,358,386,393,407,414,421,449,463,484,491,519,540,568,582,589,596,617,631,673,680,687
"173",1,22,29,36,43,57,78,99,106,113,120,134,155,177,190,197,204,211,225,232,245,253,274,288,302,309,330,344,351,358,386,393,407,414,421,449,463,484,491,519,540,568,582,589,596,617,631,675,680,687
"174",1,22,29,36,43,57,78,99,106,113,120,134,156,178,190,197,209,211,225,233,240,253,274,288,303,309,330,344,353,360,386,393,410,414,421,449,463,484,491,519,540,569,582,590,596,617,631,673,680,687
"175",1,22,29,36,43,57,78,99,106,113,121,134,155,178,190,197,204,213,225,232,239,254,274,288,302,309,331,344,351,360,386,393,413,414,421,449,463,484,491,519,541,568,582,589,596,617,631,673,680,687
"176",1,22,29,36,43,57,78,99,106,113,120,134,155,181,190,197,204,211,225,232,239,255,274,288,302,309,330,344,351,364,386,393,407,414,421,449,463,484,491,519,540,568,582,589,596,617,631,675,680,687
"177",1,22,29,36,43,57,78,99,106,113,120,134,155,179,190,197,205,212,225,232,243,259,274,288,302,309,330,344,351,358,386,393,407,414,421,449,464,484,491,519,540,568,582,589,596,617,631,676,680,687
"178",1,22,29,36,43,57,78,99,106,113,120,134,155,178,190,197,204,211,225,232,239,253,274,288,302,309,331,344,352,360,386,393,409,414,421,449,463,484,491,519,540,568,582,589,596,617,631,675,682,687
"179",1,22,29,36,43,57,78,99,106,113,120,134,155,178,190,197,205,211,225,232,242,253,274,288,303,309,330,344,351,361,386,393,407,414,421,449,463,484,491,519,540,574,582,590,596,617,631,673,680,687
"180",1,22,29,36,43,57,78,99,106,113,120,134,156,176,190,197,205,211,225,234,239,253,274,288,302,309,330,344,351,360,386,393,409,414,421,449,463,486,491,519,540,568,582,589,596,617,631,674,680,687
"181",1,22,29,36,43,57,78,99,106,113,120,134,156,179,190,197,206,211,225,238,239,253,274,288,302,309,330,344,351,361,386,393,407,414,421,449,463,484,491,519,540,568,582,589,596,617,631,673,680,687
"182",1,22,29,36,43,57,78,99,106,113,120,134,155,177,190,197,207,211,225,232,239,253,274,288,302,309,330,344,353,362,386,393,409,414,421,449,463,484,491,519,540,568,582,589,598,617,632,676,680,687
"183",1,22,29,36,43,57,78,99,106,113,120,134,155,178,190,197,204,211,225,232,239,253,274,288,302,309,330,344,351,358,386,393,407,414,421,449,463,484,491,519,540,568,583,589,597,617,632,674,680,687
"184",1,22,29,36,43,57,78,100,106,113,120,134,156,179,190,197,204,211,225,232,239,253,274,288,303,309,330,344,351,359,386,393,407,414,421,449,463,484,491,519,540,568,582,589,596,617,631,675,680,687
"185",1,22,29,36,43,57,78,99,106,113,120,134,155,180,190,197,204,211,225,232,239,253,277,288,302,309,330,344,351,359,386,393,408,414,421,449,463,484,491,519,540,568,583,589,596,617,631,674,680,687
"186",1,22,29,36,43,58,78,99,106,113,121,134,155,179,190,197,204,211,225,232,239,253,274,288,302,309,330,344,351,359,386,393,407,414,421,449,463,484,491,519,540,568,582,589,596,617,631,674,680,687
"187",1,22,29,36,43,57,78,99,106,113,120,134,156,176,190,202,204,213,225,232,239,259,274,288,303,309,330,344,351,358,386,393,407,414,421,449,463,484,491,519,540,568,582,589,596,617,631,673,680,687
"188",1,22,29,36,43,57,78,100,106,113,120,134,155,179,190,197,205,211,225,232,239,253,274,288,302,309,330,344,351,360,386,393,408,414,422,449,463,484,491,519,540,568,582,589,596,617,631,673,680,687
"189",1,22,29,36,43,57,78,99,106,113,120,134,155,179,190,197,204,211,226,232,243,253,274,288,303,309,330,344,352,361,386,393,407,414,421,449,464,484,491,519,540,568,582,589,596,617,631,674,680,687
"190",1,22,29,36,43,57,78,99,106,113,121,136,155,180,190,198,205,211,225,232,239,253,274,288,302,309,330,344,351,359,386,393,410,414,421,449,463,484,491,519,540,568,582,589,596,617,631,673,680,687
"191",1,22,29,36,43,57,78,100,106,113,120,134,155,178,190,197,204,211,225,232,239,253,274,288,302,309,330,344,351,359,386,393,407,414,421,449,463,484,497,519,540,568,582,589,596,617,631,673,680,687
"192",1,22,29,36,43,57,78,99,106,113,120,134,155,178,190,197,204,211,225,232,242,253,274,288,302,309,330,344,351,360,386,393,409,414,421,449,463,484,491,519,540,568,582,589,596,617,631,674,680,687
"193",1,22,29,36,43,57,78,99,106,113,120,134,156,178,190,197,205,211,225,235,239,253,274,288,302,309,330,344,351,359,386,393,407,414,421,449,463,484,491,519,540,568,582,589,596,617,632,673,680,687
"194",1,22,29,36,43,57,78,99,106,113,120,134,155,182,190,197,204,211,225,232,239,253,274,288,303,309,330,344,351,359,386,393,408,414,421,449,463,484,491,519,540,568,582,589,596,617,631,679,681,687
"195",2,22,29,36,43,63,78,99,106,113,120,135,156,179,190,197,204,211,225,232,239,253,274,288,302,309,330,344,351,359,386,393,408,414,421,449,463,484,491,519,540,568,582,589,596,617,631,673,680,687
"196",1,22,29,36,43,59,78,99,106,113,120,134,156,177,190,197,204,211,225,232,240,253,274,288,302,309,330,344,351,362,386,393,408,414,421,449,463,484,491,519,540,568,582,589,596,618,631,673,680,687
"197",1,22,29,36,43,57,78,99,106,113,120,134,156,177,190,197,204,211,225,232,239,253,274,288,302,309,330,344,351,363,386,393,413,414,423,449,463,484,491,519,540,568,582,590,596,617,631,673,680,687
"198",1,22,29,36,43,57,78,100,106,113,120,134,155,177,190,197,204,211,225,232,239,253,274,288,304,309,330,344,351,358,386,393,407,414,421,449,464,484,491,519,540,568,582,595,596,617,631,673,680,687
"199",1,22,29,36,43,57,78,99,106,113,121,134,155,176,190,197,205,211,225,232,241,253,274,288,302,309,330,344,351,359,386,393,407,414,421,449,463,484,491,519,540,568,582,589,596,617,631,679,680,688
"200",1,22,29,36,43,60,78,99,106,113,120,134,155,177,190,197,206,211,226,232,239,253,274,288,302,309,330,344,351,364,386,393,410,414,421,449,463,484,491,519,540,568,582,589,597,617,631,679,680,687
"201",1,22,29,36,43,57,78,99,106,113,120,134,156,179,190,197,204,211,225,232,239,253,274,288,303,309,330,344,351,359,386,393,411,414,421,449,463,484,491,519,540,568,582,589,596,617,631,673,680,687
"202",1,22,29,36,43,57,78,99,106,113,120,134,155,178,190,197,205,211,225,233,243,253,274,288,302,309,330,344,352,359,386,393,408,414,421,449,463,484,491,519,540,568,582,590,596,617,631,673,680,687
"203",1,22,29,36,43,57,78,99,106,113,120,134,155,177,190,197,204,211,225,232,239,253,274,288,302,309,330,344,351,360,386,393,410,414,421,449,463,484,491,519,540,568,582,589,597,617,631,673,680,687
"204",3,22,29,36,44,61,78,99,106,113,120,134,155,178,190,197,206,211,225,232,239,253,274,288,302,309,330,344,351,360,386,393,408,414,421,451,463,484,491,519,540,568,582,589,596,617,631,674,681,687
"205",1,22,29,36,43,57,78,99,106,113,120,134,155,178,190,197,204,211,225,234,240,253,274,288,303,309,330,344,351,359,386,393,409,414,421,449,465,484,491,519,540,568,582,589,596,617,631,673,680,687
"206",1,22,29,36,43,57,80,99,106,113,120,134,155,176,190,197,204,211,225,232,239,253,274,288,302,309,330,344,352,358,386,393,407,414,421,449,463,484,491,519,540,568,582,589,596,617,631,673,680,687
"207",1,22,29,36,43,57,78,99,106,113,120,134,155,180,190,197,204,211,225,232,242,253,274,288,302,309,330,344,351,360,386,393,408,414,421,449,464,484,491,519,540,568,582,589,596,617,631,674,680,687
"208",5,23,29,37,43,57,78,99,106,113,121,134,155,176,190,198,204,211,225,232,239,253,274,288,302,309,330,344,351,360,386,393,413,414,421,449,463,484,491,519,540,568,582,589,596,617,631,674,680,687
"209",1,22,29,36,43,57,78,99,106,113,120,134,155,176,190,197,205,211,226,232,239,253,274,288,302,309,330,344,351,364,386,393,411,414,421,449,463,484,491,519,540,568,582,589,596,617,631,675,680,687
"210",4,22,29,36,43,57,78,99,106,113,120,134,155,178,190,197,204,211,225,232,239,253,274,288,303,309,330,344,351,360,386,393,410,414,421,449,463,484,491,519,540,568,582,589,596,617,631,673,680,687
"211",1,22,29,36,43,57,78,99,106,113,120,134,156,179,190,197,205,211,225,232,242,253,274,288,303,309,330,344,351,359,386,393,409,414,421,449,463,484,491,519,540,568,582,589,596,617,631,674,680,687
"212",1,22,29,36,43,57,78,99,106,113,120,134,155,180,190,197,204,211,225,232,239,253,276,288,302,309,330,345,351,359,386,393,407,414,421,449,463,484,491,519,540,568,582,589,596,617,631,673,680,687
"213",1,22,29,36,43,57,78,99,106,113,120,134,155,176,190,197,205,211,225,232,242,253,274,288,302,309,330,344,352,359,386,393,410,414,421,449,464,484,491,519,540,568,582,589,596,617,631,674,680,687
"214",1,22,29,36,43,57,78,99,106,113,120,134,157,180,190,197,204,211,225,232,239,253,279,288,303,309,330,344,351,359,386,393,407,414,421,449,463,484,491,519,540,568,582,589,596,617,631,674,680,687
"215",1,22,29,36,43,57,78,99,106,113,120,134,155,182,190,197,204,211,225,232,240,253,274,288,302,309,330,344,351,360,386,393,411,414,421,449,463,484,491,519,540,568,582,589,596,617,631,675,680,687
"216",1,22,29,36,43,57,78,99,106,113,120,134,156,181,190,197,205,211,225,235,245,253,279,288,302,309,330,344,351,359,386,393,407,414,421,449,463,484,491,519,540,568,582,589,596,617,631,677,680,687
"217",1,22,29,36,43,57,78,99,106,113,120,136,155,177,190,197,204,211,225,232,241,253,274,288,302,309,330,344,351,360,386,393,410,414,421,449,463,484,491,519,540,568,582,592,596,617,631,673,681,687
"218",1,22,29,36,43,57,78,105,106,113,121,134,155,176,190,197,204,211,225,232,241,253,274,288,302,309,330,344,351,358,386,393,407,414,421,449,463,484,491,519,540,568,582,589,596,617,631,673,680,687
"219",1,22,29,36,43,61,78,99,106,113,120,134,155,177,190,197,205,211,225,232,239,253,274,288,302,309,330,344,351,361,386,393,411,414,422,451,464,484,495,519,540,568,582,590,596,617,631,673,680,687
"220",7,22,29,36,43,57,78,100,106,113,120,134,156,177,190,197,204,211,225,232,239,253,274,288,302,309,330,344,351,359,386,397,407,414,421,449,463,484,491,519,540,568,582,589,596,617,632,674,680,687
"221",1,22,29,36,43,63,78,99,106,113,120,134,156,178,190,197,204,211,225,232,239,253,274,288,302,309,330,344,351,361,386,393,408,414,421,449,463,484,491,519,540,568,583,589,596,617,631,674,684,687
"222",1,22,29,36,43,57,78,99,106,113,120,134,155,176,190,197,205,211,225,232,239,253,274,288,302,309,330,344,351,364,386,393,407,414,423,449,464,484,491,519,540,568,582,589,596,617,631,673,681,687
"223",1,22,29,36,43,57,78,99,106,113,120,134,155,178,190,197,204,211,225,234,240,253,274,288,302,309,330,344,351,359,386,393,409,414,421,449,463,484,491,519,540,568,582,589,596,617,631,673,680,687
"224",1,22,29,36,43,57,78,99,106,114,120,134,155,179,190,197,204,211,225,232,239,253,274,288,302,309,330,344,351,359,386,393,413,414,421,449,463,484,491,519,540,568,583,589,598,618,631,673,680,687
"225",1,22,29,36,43,57,78,99,106,113,120,134,155,180,190,197,205,211,225,232,240,253,274,288,302,309,330,344,351,364,386,393,408,414,421,449,463,484,491,519,540,568,582,589,596,617,631,674,680,687
"226",1,22,29,36,43,57,78,99,106,113,120,134,155,179,190,197,204,211,225,232,239,254,274,288,302,309,330,344,351,361,386,393,407,414,421,449,463,484,491,519,540,568,582,589,596,617,631,673,680,688
"227",1,22,29,36,43,57,78,99,106,113,120,134,155,176,191,197,204,212,225,232,242,254,274,288,302,309,330,344,351,358,386,393,407,414,421,449,463,484,491,519,540,568,582,589,596,617,631,673,680,688
"228",1,22,29,36,43,58,78,99,106,113,120,134,156,177,190,197,204,211,225,232,239,253,274,288,303,309,330,344,351,360,386,393,407,414,421,449,463,484,491,519,540,568,582,589,596,617,631,675,680,687
"229",1,22,29,36,43,57,78,99,106,113,120,134,155,176,191,197,204,211,225,232,239,257,274,288,302,309,330,344,351,358,386,393,407,414,421,449,463,484,491,519,540,568,583,589,598,617,631,673,680,687
"230",1,22,29,36,43,57,78,99,106,113,120,134,155,178,190,197,204,211,225,232,239,253,274,288,302,309,330,344,353,363,386,393,407,414,421,449,464,484,491,519,540,568,583,589,599,617,631,673,681,687
"231",1,22,29,36,43,57,78,99,106,113,120,134,155,177,190,197,204,211,225,233,239,253,274,288,302,309,331,344,351,360,386,393,408,414,421,449,465,484,491,519,540,568,582,589,596,617,631,673,680,687
"232",1,22,29,36,43,57,78,99,106,113,120,134,155,176,190,198,205,211,225,232,239,254,274,288,302,309,330,344,351,364,386,393,407,414,421,449,463,484,491,519,540,568,582,589,596,617,631,673,680,689
"233",1,22,29,36,43,60,78,99,106,113,120,134,155,177,190,197,204,211,225,232,239,253,274,288,302,309,331,344,351,361,386,393,410,414,422,449,463,484,491,519,540,568,582,589,596,617,631,675,680,687
"234",1,22,29,36,43,62,78,99,106,113,120,135,155,180,190,197,204,211,225,232,242,253,274,288,302,309,330,344,354,359,386,399,409,414,421,449,463,484,491,519,540,568,582,589,596,617,631,674,680,687
"235",1,22,29,36,43,57,78,99,106,113,120,134,155,179,190,197,204,211,225,232,242,253,274,288,303,309,330,344,351,359,386,393,409,414,421,449,463,484,491,519,540,568,582,589,596,617,631,673,680,687
"236",1,22,29,36,43,58,78,99,106,113,120,134,155,177,190,197,205,211,225,235,239,253,274,288,302,309,330,344,351,359,386,393,408,414,421,449,464,484,497,519,540,568,582,589,596,617,631,673,681,687
"237",1,22,29,36,43,57,78,99,106,113,120,134,155,178,190,197,206,211,226,232,245,253,274,288,302,309,330,344,351,360,386,393,413,414,421,449,463,484,491,519,540,568,582,590,596,617,631,679,681,687
"238",1,22,29,36,43,57,78,99,106,113,120,134,155,177,190,197,205,211,225,232,239,253,274,288,302,309,330,344,353,358,386,393,412,414,421,449,463,484,491,519,540,568,582,589,596,617,631,675,682,687
"239",1,22,29,36,43,57,78,99,106,113,120,134,155,178,190,197,207,211,225,235,239,253,274,288,302,309,330,344,351,364,386,393,408,414,422,449,463,484,492,519,540,568,582,589,596,617,631,673,680,687
"240",1,22,29,36,43,62,78,99,106,113,120,134,155,176,190,197,204,211,225,232,241,253,275,288,302,309,330,344,351,358,386,393,408,414,421,449,463,484,491,519,540,568,582,589,596,617,631,673,680,687
"241",1,22,29,36,43,57,78,99,106,113,120,134,155,182,190,197,204,211,225,232,239,253,274,288,302,309,330,344,351,359,386,393,413,414,421,449,463,484,491,519,540,568,582,589,596,617,631,674,680,687
"242",1,22,29,36,43,57,78,99,106,113,120,134,155,178,190,197,204,211,225,235,239,253,274,288,302,309,330,344,351,359,386,393,407,414,421,449,463,484,491,519,540,568,582,589,596,617,631,674,680,687
"243",1,22,29,36,43,57,78,99,106,113,120,134,156,178,190,197,204,211,225,232,239,254,275,288,302,309,330,344,351,359,386,393,407,414,421,449,463,484,491,519,540,568,582,589,596,617,632,673,680,687
"244",1,22,29,36,43,57,78,99,106,113,120,134,155,181,190,197,204,211,225,233,239,253,274,288,303,309,330,344,351,358,386,393,407,414,421,449,464,484,491,519,540,568,582,589,596,617,632,673,680,687
"245",1,22,29,36,43,58,78,99,106,113,121,134,155,178,190,197,206,211,225,232,239,254,274,288,302,309,330,344,351,360,386,393,410,414,421,449,463,484,491,519,540,568,582,589,596,617,631,673,680,687
"246",1,22,29,36,43,57,78,99,106,113,120,134,155,179,190,197,204,211,225,233,240,253,275,288,302,309,330,344,351,359,386,393,408,414,421,449,464,484,491,519,540,568,582,589,596,617,631,673,680,687
"247",1,22,29,36,43,57,78,99,106,113,120,134,156,177,190,197,204,211,225,236,239,253,274,288,302,309,330,344,351,360,386,393,411,414,421,449,464,484,491,519,540,568,582,589,596,617,631,673,680,687
"248",1,22,29,36,43,57,78,99,106,113,120,134,155,178,190,198,205,211,226,232,241,253,274,288,302,309,330,344,351,359,386,393,410,414,421,449,464,484,491,519,540,572,582,590,596,617,631,673,682,687
"249",1,22,29,36,43,57,78,99,106,113,120,134,155,176,190,197,204,211,225,232,239,256,274,288,302,309,333,344,351,364,386,393,407,414,421,449,463,484,491,519,541,568,582,589,596,617,631,673,680,687
"250",1,22,29,36,43,57,78,99,106,113,120,134,155,178,190,198,204,211,225,232,239,255,274,288,302,309,330,344,351,359,386,393,407,414,421,449,463,484,491,519,541,568,582,589,596,617,631,673,680,687
"251",1,22,29,36,43,57,78,99,106,113,120,134,155,182,190,197,204,211,225,232,239,253,274,288,302,309,330,344,351,359,386,393,408,414,421,449,463,484,491,519,540,568,582,589,596,617,631,676,680,687
"252",1,22,29,36,43,57,78,99,106,113,121,134,155,176,190,197,204,211,225,233,239,253,274,288,302,309,330,344,351,360,386,393,410,414,421,449,463,484,491,519,540,568,582,589,596,617,631,673,680,687
"253",1,22,29,36,43,58,78,99,106,113,120,134,155,179,190,197,204,211,225,232,239,253,274,288,302,309,330,344,351,361,386,393,409,414,421,449,463,484,491,519,540,568,583,589,596,617,631,673,680,687
"254",7,23,30,38,45,57,78,99,106,113,120,134,155,176,190,198,204,211,225,232,239,253,274,288,302,309,330,344,351,358,386,393,407,414,421,449,463,484,491,519,540,568,583,589,596,617,631,673,680,687
"255",1,22,29,36,43,59,78,99,106,113,120,134,155,176,190,197,204,211,225,232,241,253,274,288,302,309,330,344,352,360,386,393,411,414,421,449,463,484,491,519,540,568,582,589,596,617,631,673,680,687
"256",1,22,29,36,43,57,78,99,106,113,120,134,155,176,190,199,204,212,225,232,239,257,280,288,302,309,330,346,351,358,386,393,407,414,421,449,463,484,491,519,540,568,582,589,596,617,631,673,680,687
"257",1,22,29,36,43,57,78,99,106,113,120,134,155,181,190,197,204,211,225,232,239,253,274,288,303,309,330,344,351,360,386,393,407,414,421,449,463,484,491,519,541,568,582,589,596,617,631,674,680,687
"258",1,22,29,36,43,57,78,99,106,113,120,134,156,182,190,197,204,211,225,232,239,253,274,288,303,309,330,344,351,363,386,393,407,414,421,449,463,484,491,519,540,568,582,589,596,617,631,674,680,687
"259",1,22,29,36,43,57,78,99,106,113,120,134,155,176,190,198,204,211,225,233,245,253,274,288,302,309,330,344,351,358,386,393,407,414,421,449,463,484,491,519,540,568,582,590,596,617,631,673,680,688
"260",1,22,29,36,43,57,78,99,106,113,120,134,156,182,190,197,204,211,225,232,239,254,275,288,302,309,330,344,351,358,386,393,407,414,421,449,463,484,491,519,540,568,582,589,596,617,631,673,680,687
"261",1,22,29,36,43,57,78,99,106,113,120,134,155,178,190,197,207,211,225,232,241,253,274,288,302,309,330,344,351,359,386,393,407,414,421,449,463,484,491,519,541,568,583,589,597,617,631,673,680,687
"262",1,22,29,36,43,57,78,99,106,113,120,134,155,179,190,197,204,211,225,232,239,253,274,288,303,309,330,344,351,361,386,393,407,414,421,449,463,484,491,519,541,568,582,589,596,617,631,674,680,687
"263",1,22,29,36,43,57,78,99,106,114,120,134,155,176,190,197,206,211,225,232,245,253,274,288,302,309,330,344,352,358,386,393,407,414,421,449,463,484,491,519,540,568,583,589,596,617,631,673,680,687
"264",1,22,29,36,43,57,78,99,106,113,120,134,156,179,190,197,204,212,225,232,239,255,274,288,302,309,330,344,351,358,386,393,407,414,421,449,463,484,491,519,540,568,582,589,596,617,631,675,680,687
"265",1,22,29,36,43,57,78,99,106,113,120,134,156,177,190,197,205,211,225,232,239,253,274,288,302,309,330,344,351,358,386,393,407,414,421,449,463,484,491,519,540,568,582,589,596,617,631,673,680,687
"266",1,22,29,36,43,57,78,99,106,113,120,134,156,176,190,197,204,211,225,232,242,253,274,288,302,309,330,344,351,360,386,393,408,414,421,449,463,484,491,519,540,568,582,589,597,617,631,673,680,687
"267",1,22,29,36,43,57,78,99,106,113,120,134,156,176,190,197,204,213,225,232,239,253,275,288,302,309,330,344,351,361,386,393,407,414,421,449,463,484,491,519,540,568,582,589,596,617,631,673,680,687
"268",1,22,29,36,43,57,78,99,106,113,120,134,155,179,190,197,204,211,225,232,239,253,274,288,302,309,330,345,351,359,386,393,407,414,421,449,464,484,491,519,540,568,582,589,596,617,632,673,680,687
"269",1,22,29,36,43,58,78,99,106,113,120,134,155,182,190,197,204,211,225,232,239,253,275,288,302,309,330,344,351,361,386,395,409,414,421,449,463,484,491,519,540,568,582,589,596,617,631,675,681,687
"270",1,22,29,36,43,57,78,99,106,113,120,134,155,176,190,197,204,212,225,232,240,253,274,288,302,309,330,344,351,358,386,393,407,414,421,449,463,484,491,519,541,568,582,589,596,617,631,673,680,689
"271",1,22,29,36,43,57,78,99,106,113,120,134,155,177,190,197,204,211,225,232,239,253,274,288,302,309,330,344,351,360,386,393,412,414,421,449,463,484,491,519,540,568,582,589,596,617,631,674,680,687
"272",1,22,29,36,43,63,78,99,106,113,120,134,155,182,190,197,204,211,225,232,240,253,275,288,302,309,330,344,351,360,386,393,408,414,421,449,463,484,491,519,540,568,582,589,596,617,631,673,680,687
"273",1,22,29,36,43,57,78,99,106,113,120,134,155,177,190,197,205,211,225,232,239,253,274,288,302,309,330,344,351,363,386,393,410,414,421,449,464,484,491,519,540,568,582,589,596,617,631,673,680,687
"274",1,22,29,36,43,57,78,99,106,113,120,134,155,176,190,197,209,211,225,232,239,253,274,288,302,309,330,344,351,360,386,393,410,414,421,449,463,484,491,519,540,568,582,589,596,617,631,673,680,687
"275",1,22,29,36,43,57,78,99,106,113,120,134,155,176,190,197,206,211,225,232,239,253,274,288,302,309,330,344,351,360,386,393,408,414,421,449,464,484,491,519,540,568,582,589,600,617,631,674,680,687
"276",1,22,29,36,43,57,78,99,106,113,120,134,155,180,190,197,204,211,225,232,240,253,274,288,302,309,330,344,351,361,386,393,411,414,421,449,463,484,491,519,540,568,582,589,596,617,631,673,680,687
"277",1,22,29,36,43,57,78,99,106,113,120,134,155,177,190,197,204,211,225,232,240,253,274,288,302,309,330,344,351,358,386,393,408,414,421,449,464,484,491,519,540,568,582,589,596,617,632,673,680,687
"278",1,22,29,36,43,57,78,101,106,113,120,134,156,180,190,197,204,211,225,232,239,253,274,288,303,309,330,344,351,361,386,393,413,414,421,449,463,484,491,519,540,568,582,589,597,617,631,673,680,687
"279",1,22,29,36,43,57,78,99,106,113,120,134,155,176,190,197,204,211,225,232,240,253,274,288,302,309,330,344,351,359,386,393,411,414,421,449,463,484,491,519,540,568,582,589,596,617,631,673,680,687
"280",1,22,29,36,43,57,78,99,106,113,120,134,157,182,190,197,204,213,225,232,239,253,274,288,304,309,330,344,351,358,386,393,410,414,421,449,463,484,491,519,540,568,582,589,596,617,631,674,680,687
"281",1,22,29,36,43,57,78,99,106,113,120,134,156,177,190,197,205,211,225,232,239,253,274,288,302,309,330,344,351,360,386,393,409,414,421,449,463,484,491,519,540,568,582,589,596,617,631,673,683,687
"282",1,22,29,36,43,57,78,99,106,113,120,134,155,177,190,197,204,211,225,233,239,253,274,288,302,309,330,344,351,358,386,393,407,414,421,449,464,484,496,519,540,568,582,589,596,617,631,673,680,687
"283",1,22,29,36,43,57,78,99,106,113,120,134,156,177,190,197,210,211,225,232,239,253,274,288,303,309,331,344,352,359,386,393,412,414,421,449,463,484,491,519,540,568,582,589,596,617,631,675,680,687
"284",1,22,29,36,43,57,78,99,106,113,120,134,155,178,190,197,206,211,225,232,239,253,274,288,302,309,330,344,351,359,386,393,407,414,421,449,463,484,491,519,540,568,583,589,596,617,631,673,680,687
"285",1,22,29,36,43,57,78,99,106,113,121,134,155,176,190,197,205,213,225,236,239,259,274,288,302,309,330,344,351,358,386,393,407,414,421,449,463,484,491,519,541,568,582,589,598,617,631,673,680,691
"286",1,22,29,36,43,57,78,99,106,113,120,134,156,180,190,197,204,213,225,233,239,254,274,288,302,309,330,344,351,360,386,393,409,414,421,449,463,484,491,519,540,568,582,589,596,617,631,674,680,687
"287",1,22,29,36,43,57,78,99,106,113,120,134,155,177,190,198,204,211,225,232,239,255,274,288,302,309,330,344,351,364,386,393,413,414,421,449,463,484,491,519,540,568,582,589,596,617,631,676,680,687
"288",1,22,29,36,43,57,78,99,106,113,120,134,156,176,190,198,204,211,225,232,239,255,274,288,303,309,330,344,351,358,386,393,407,414,421,449,463,484,491,519,540,568,582,589,596,617,632,673,680,687
"289",1,22,29,36,43,57,78,99,106,113,120,134,155,176,190,197,205,211,225,232,245,253,274,288,302,309,330,344,351,360,386,393,407,414,421,449,463,484,491,519,540,568,582,589,598,617,631,675,680,687
"290",1,22,29,36,43,57,78,99,106,113,120,134,155,178,190,197,205,211,225,232,240,253,274,288,302,309,330,344,351,363,386,393,407,414,421,449,464,484,491,519,540,568,582,589,596,617,631,674,680,687
"291",1,22,29,36,43,57,78,99,106,113,120,134,155,179,190,197,204,211,225,234,240,253,274,288,302,309,330,344,351,363,386,393,412,414,421,449,463,484,494,519,540,568,582,589,596,617,631,677,680,687
"292",1,22,29,36,43,57,78,99,106,113,120,137,155,176,190,197,204,211,225,232,240,253,274,288,302,309,330,344,352,359,386,393,411,414,422,449,464,484,491,519,540,568,582,589,596,617,631,673,680,687
"293",1,22,29,36,43,57,78,99,106,113,120,134,155,176,190,197,204,214,225,232,239,255,274,288,302,309,331,345,351,358,386,393,407,414,421,449,463,484,491,519,541,568,582,589,596,617,631,673,680,687
"294",1,22,29,36,43,57,78,99,106,113,120,134,155,177,190,197,204,212,225,232,245,254,274,288,302,309,330,344,351,361,386,393,407,414,421,449,463,484,491,519,540,568,582,589,596,617,631,673,680,687
"295",1,22,29,36,43,57,78,99,106,113,120,134,156,178,190,197,204,211,225,232,241,255,274,288,303,309,330,344,351,360,386,393,408,414,421,449,463,484,491,519,540,568,582,589,596,617,631,674,680,687
"296",1,22,29,36,43,57,78,99,106,113,120,134,156,176,190,197,204,211,225,232,239,254,274,288,303,309,330,344,351,359,386,393,407,414,421,449,463,484,491,519,541,568,583,589,598,617,631,673,680,687
"297",1,22,29,36,43,57,78,99,106,113,120,134,155,176,190,197,204,211,225,233,240,253,274,288,302,309,330,344,351,359,386,393,407,414,421,449,463,484,491,519,540,568,582,589,596,617,631,673,680,687
"298",1,22,29,36,43,57,78,99,107,113,120,134,155,176,190,197,204,211,225,232,239,253,274,288,302,309,330,345,351,358,386,393,407,414,421,449,464,484,491,519,540,568,582,589,596,617,631,673,680,687
"299",1,22,29,36,43,57,78,99,106,113,120,134,155,182,190,197,205,211,225,232,240,253,274,288,302,309,330,344,351,360,386,393,407,414,421,449,463,484,491,519,540,568,582,589,599,617,631,673,680,687
"300",1,22,29,36,43,57,78,99,106,113,120,134,155,177,190,197,205,211,227,232,240,253,274,288,302,309,330,344,351,358,386,393,413,414,421,449,463,484,491,519,540,568,582,589,596,617,631,674,680,687
"301",3,23,29,36,43,57,78,99,106,113,120,140,155,176,190,197,204,211,225,232,241,253,274,288,302,309,330,344,351,359,386,393,408,414,421,449,468,484,491,519,540,568,582,589,596,617,631,673,680,687
"302",1,22,29,36,43,57,78,99,106,113,120,134,155,181,190,198,204,211,225,232,239,253,274,288,303,309,330,344,351,358,386,393,407,414,421,449,463,484,491,519,540,568,582,589,596,617,631,673,680,687
"303",1,22,29,36,43,58,78,99,106,113,120,136,155,176,190,197,206,211,225,232,239,253,274,288,302,309,330,344,351,359,386,393,409,414,422,449,463,484,491,519,540,568,582,589,596,617,631,674,681,687
"304",1,22,29,36,43,57,78,99,106,113,120,134,155,176,190,197,204,211,225,233,239,257,274,288,302,309,330,344,351,358,386,393,407,414,421,449,464,484,491,519,540,568,582,589,596,617,631,673,680,687
"305",1,22,29,36,43,58,78,99,106,113,120,134,156,177,190,197,204,211,225,232,245,253,280,288,303,309,330,345,351,358,387,393,407,414,421,449,464,484,491,519,540,568,582,589,596,617,631,674,681,687
"306",1,22,29,36,43,57,78,99,106,113,120,135,155,177,190,197,205,211,225,232,241,253,274,288,302,309,330,344,351,358,386,395,408,414,421,449,464,484,491,519,540,568,582,589,596,617,631,673,683,687
"307",1,22,29,36,43,57,78,99,106,113,120,134,155,178,190,197,204,211,225,232,240,253,274,288,302,309,330,344,351,359,386,393,409,414,421,449,464,484,491,519,540,568,582,589,597,617,631,674,680,687
"308",1,22,29,36,43,57,78,99,106,113,120,134,155,178,190,197,204,212,225,232,239,255,274,288,302,309,330,346,351,358,386,393,407,414,421,449,463,484,491,519,540,568,582,589,596,617,631,673,680,687
"309",1,22,29,36,43,57,78,99,106,113,120,134,155,179,190,197,204,211,225,236,239,253,278,288,302,309,330,344,351,362,386,393,409,414,421,449,463,484,491,519,540,568,582,589,596,617,631,673,680,687
"310",1,22,29,36,43,57,78,99,106,113,120,134,155,177,190,197,204,211,225,232,241,253,274,288,302,315,330,344,351,364,386,393,410,414,421,449,464,484,491,519,540,568,582,590,596,617,631,673,681,687
"311",1,22,29,36,43,57,78,99,106,113,120,134,156,177,190,197,205,211,225,232,239,253,274,288,303,309,330,344,351,364,386,393,407,415,421,449,463,484,491,519,540,568,582,589,598,617,631,673,680,687
"312",1,22,29,36,43,57,79,99,106,113,120,134,155,177,190,197,206,211,225,232,240,253,274,288,302,309,330,344,351,361,386,393,407,414,421,449,463,484,491,519,540,568,582,589,596,617,631,675,680,687
"313",1,22,29,36,43,57,78,99,106,113,120,134,155,179,190,197,204,211,225,232,239,253,280,288,302,309,330,344,351,359,386,393,408,414,421,449,463,484,491,519,540,568,582,589,596,617,631,673,680,687
"314",1,22,29,36,43,57,78,99,106,113,121,134,155,179,190,197,205,212,225,236,239,253,274,288,303,309,330,344,351,359,386,393,408,414,421,449,463,484,491,519,540,568,582,589,596,617,631,674,680,687
"315",1,22,29,36,43,57,78,99,106,113,120,134,156,182,190,197,204,211,225,232,239,253,274,288,303,309,330,344,351,364,386,393,409,414,421,449,463,484,491,519,540,568,582,589,596,617,631,674,680,687
"316",1,22,29,36,43,57,78,99,106,113,120,134,155,176,190,198,208,211,225,232,239,253,274,288,302,309,330,344,352,358,386,393,408,414,421,449,464,484,491,521,540,568,582,589,596,617,631,673,680,687
"317",1,22,29,36,43,57,78,99,106,113,120,134,155,177,190,198,204,211,225,233,239,253,274,288,302,309,330,344,351,358,386,393,413,414,421,449,464,484,491,519,540,568,582,589,596,617,631,673,680,687
"318",1,22,29,36,43,57,78,99,106,113,120,134,155,177,190,197,204,211,225,232,245,253,274,288,302,309,330,344,351,359,386,393,408,414,421,449,464,484,491,519,540,568,582,589,596,617,631,675,680,687
"319",1,22,29,36,43,57,78,99,106,113,120,134,155,180,190,197,204,211,225,232,239,254,274,288,302,309,330,344,351,359,386,393,407,414,421,449,463,484,491,519,540,568,582,589,596,617,631,673,680,687
"320",1,22,29,36,43,57,78,99,106,113,120,134,155,177,190,197,205,211,225,233,240,253,274,288,302,309,330,344,351,358,386,393,408,414,421,449,464,484,491,519,540,568,582,589,596,617,631,674,681,687
"321",1,22,29,36,43,57,78,99,106,113,121,134,157,182,190,197,204,211,225,232,239,254,274,288,304,309,330,344,351,364,386,393,411,414,421,449,463,484,491,519,540,568,582,589,596,617,631,673,680,687
"322",1,22,29,36,43,57,78,99,106,113,120,134,155,178,190,197,204,211,225,232,239,253,274,288,302,309,330,344,351,359,386,393,407,414,421,449,464,484,491,519,540,568,582,589,597,617,632,673,680,687
"323",1,22,29,36,43,57,78,99,106,113,120,134,155,176,190,197,204,211,225,232,239,253,274,288,302,309,330,344,351,358,386,393,407,414,421,449,463,484,491,519,540,568,582,589,596,617,631,674,680,687
"324",1,22,29,36,43,57,79,99,106,113,120,135,155,177,190,197,205,211,225,232,242,253,274,288,302,309,330,344,351,362,386,393,408,414,421,449,463,484,491,519,540,568,582,589,596,617,631,677,680,687
"325",1,22,29,36,43,57,78,99,106,113,120,134,155,176,190,197,204,211,225,232,240,253,274,288,302,309,330,344,352,360,386,393,413,414,421,449,464,484,491,519,540,568,583,589,597,617,631,673,680,687
"326",1,22,29,36,43,57,78,99,106,113,120,134,156,177,190,197,204,211,225,233,240,253,274,288,302,315,330,344,351,358,386,393,408,414,421,449,464,484,491,519,540,568,582,589,596,617,632,673,681,687
"327",1,22,29,36,43,57,78,100,106,113,120,134,155,179,190,197,204,211,225,232,239,254,274,288,302,309,330,344,351,360,386,393,407,414,421,449,463,484,491,519,540,568,582,589,596,617,631,673,683,687
"328",1,22,29,36,43,58,78,99,106,113,120,134,155,176,190,200,206,213,225,232,244,258,274,288,302,309,330,344,351,359,386,393,407,414,421,449,463,484,491,519,540,568,582,589,596,617,631,673,681,687
"329",1,22,29,36,43,57,78,99,106,113,121,134,155,176,190,197,206,211,225,232,239,253,274,288,302,309,330,344,351,359,386,393,413,414,421,449,463,484,491,519,540,568,582,589,596,617,631,673,680,687
"330",1,22,29,36,43,57,78,99,106,113,120,134,156,177,190,197,205,211,225,232,242,253,274,288,302,309,330,344,351,360,386,393,408,414,421,449,464,484,491,519,540,568,582,589,596,617,631,673,680,687
"331",1,22,29,36,43,57,78,99,106,113,120,134,156,178,190,197,204,211,225,232,239,253,278,288,302,309,330,344,351,360,386,393,407,414,421,449,465,484,491,519,540,568,582,589,596,617,631,675,680,687
"332",1,22,29,36,43,57,78,99,106,113,120,134,155,182,190,197,204,211,225,232,239,253,274,288,302,309,330,344,351,362,386,393,407,414,421,449,465,484,491,519,540,568,582,589,597,617,631,673,680,687
"333",1,22,29,36,43,57,78,99,106,113,120,134,156,178,190,197,204,211,225,235,245,253,276,288,302,309,330,344,351,358,386,393,407,414,421,449,463,484,491,519,540,568,582,589,596,617,631,673,680,687
"334",1,22,29,36,43,57,78,99,106,113,120,134,156,178,190,197,204,211,225,232,239,253,274,288,302,309,330,344,351,363,386,393,407,414,421,449,463,484,491,519,540,568,582,589,596,617,631,674,680,687
"335",1,22,29,36,43,57,79,99,106,113,120,134,155,176,190,197,204,211,225,232,239,253,274,288,302,309,330,344,351,359,386,393,413,414,421,449,464,485,491,519,540,568,582,589,596,617,631,673,681,687
"336",1,22,29,36,43,57,78,99,106,113,120,134,155,177,190,197,204,211,225,234,239,253,274,288,302,309,330,344,351,359,386,393,408,414,421,449,463,484,491,519,540,568,582,589,596,617,631,673,680,687
"337",1,22,29,36,43,57,78,99,106,113,120,134,156,177,190,197,204,211,225,233,239,253,274,288,302,309,330,344,351,358,386,393,407,414,421,449,465,484,491,519,540,568,582,589,596,617,631,674,680,687
"338",1,22,29,36,43,57,78,99,106,113,120,136,155,176,190,197,204,211,226,232,239,253,274,288,302,309,330,344,351,358,386,393,407,414,421,449,464,484,491,519,541,568,582,589,597,617,631,673,680,687
"339",1,22,29,36,43,57,78,99,106,113,120,134,156,182,190,197,204,212,225,232,239,256,274,288,303,309,331,344,351,358,386,393,407,414,421,449,463,484,491,519,540,568,582,589,596,617,631,676,680,687
"340",1,22,29,36,43,57,78,99,106,113,120,134,155,182,190,197,204,211,225,232,239,254,274,288,302,309,331,344,351,360,386,393,407,414,421,449,463,484,491,519,540,568,582,589,596,617,631,674,680,687
"341",1,22,29,36,43,57,78,99,106,113,120,134,157,176,190,198,204,211,225,232,239,255,274,288,302,309,330,344,351,360,386,393,407,414,421,449,463,484,491,519,540,568,582,589,596,617,633,673,680,687
"342",1,22,29,36,43,57,78,99,106,113,120,134,155,177,190,197,204,211,225,232,239,253,274,288,302,309,330,344,351,364,386,393,407,414,422,449,463,484,491,519,540,568,582,589,596,617,631,673,680,687
"343",1,22,29,36,43,57,78,99,106,113,120,134,155,179,190,197,204,211,225,233,239,253,274,288,302,309,330,344,351,359,386,393,407,414,421,449,464,484,491,519,540,568,582,589,596,617,631,673,680,687
"344",1,22,29,36,43,57,78,99,106,113,120,134,156,177,190,197,204,212,225,232,240,254,274,288,302,309,330,344,352,364,386,393,407,414,421,449,463,484,491,519,540,568,582,589,596,617,631,673,680,687
"345",1,22,29,36,43,57,78,99,106,113,120,134,155,177,190,197,204,211,225,232,239,254,274,288,302,309,330,344,351,360,386,393,409,414,421,449,464,484,491,519,540,568,582,589,596,617,631,674,680,687
"346",1,22,29,36,43,57,78,99,106,113,120,134,155,177,190,197,204,211,225,232,239,253,274,288,302,309,330,344,351,358,387,393,408,414,421,449,464,484,491,519,540,568,582,589,596,617,633,674,680,687
"347",1,22,29,36,43,61,78,100,106,113,120,134,155,178,190,197,204,211,225,232,239,254,274,288,302,309,330,344,351,360,386,393,412,414,421,449,463,484,491,519,540,568,582,589,596,617,631,674,681,687
"348",1,22,29,36,43,57,78,99,106,113,120,134,155,181,190,197,204,211,225,235,245,253,278,288,302,309,330,344,351,359,386,393,407,414,421,449,464,484,491,519,540,568,582,589,596,617,631,676,680,687
"349",1,22,29,36,43,57,78,99,106,113,120,134,155,181,190,197,204,211,225,232,240,253,274,288,303,309,330,344,351,360,386,393,408,414,421,449,463,484,491,519,540,568,582,589,596,617,631,676,680,687
"350",1,22,29,36,43,57,78,99,106,113,120,134,156,181,190,197,204,211,225,232,239,253,275,288,303,309,330,344,351,359,386,393,407,414,421,449,463,484,491,519,540,568,582,589,596,617,631,674,680,687
"351",1,22,29,36,43,57,78,99,106,113,120,134,155,182,190,197,204,211,225,232,239,253,274,288,302,309,330,344,351,364,386,393,411,414,422,449,463,484,491,519,540,568,582,589,596,617,631,674,680,687
"352",1,22,29,36,43,57,78,99,106,113,120,134,155,178,190,197,205,211,225,232,241,253,278,288,302,309,330,344,351,359,386,393,407,414,421,449,464,484,491,519,540,568,582,589,596,617,631,674,680,687
"353",1,22,29,36,43,57,78,99,106,113,120,134,155,176,190,197,204,211,226,232,242,253,274,288,303,309,330,344,351,359,386,393,407,414,421,449,464,484,491,519,540,568,582,589,597,617,631,675,680,687
"354",1,22,29,36,43,57,78,99,106,113,120,134,156,176,190,197,204,211,225,232,239,253,274,288,302,309,330,344,351,358,386,393,407,414,421,449,463,484,491,519,540,568,582,589,596,617,631,673,680,687
"355",1,22,29,36,43,58,78,99,106,113,120,135,155,176,190,197,204,211,225,232,240,253,274,288,302,309,330,344,351,359,386,393,408,414,421,449,463,484,491,519,540,568,582,589,596,617,631,673,681,687
"356",1,22,29,36,43,57,78,99,106,113,120,134,155,176,190,197,208,212,225,232,239,253,274,288,302,309,330,344,351,358,386,393,407,414,421,449,463,484,491,519,541,568,582,589,598,617,631,673,680,687
"357",3,22,30,36,43,57,78,99,106,113,120,134,155,176,190,197,204,211,226,232,241,253,274,288,302,309,330,344,351,359,386,393,408,414,421,449,463,484,491,519,540,568,582,589,596,617,631,673,680,687
"358",3,22,30,36,43,57,78,99,106,113,121,134,155,176,190,197,205,212,225,232,239,255,274,288,302,309,330,344,351,364,386,393,407,414,421,449,463,484,491,519,540,568,582,589,596,617,631,673,680,688
"359",1,22,29,36,43,57,78,99,106,113,120,134,155,176,190,197,204,211,225,232,239,253,274,288,302,309,330,344,351,358,386,393,407,414,421,449,463,484,491,519,542,568,582,589,597,617,633,673,680,687
"360",2,22,29,36,43,58,78,99,106,113,120,135,155,182,190,197,204,211,225,232,245,253,275,288,302,309,330,344,351,358,386,393,409,414,421,449,463,484,491,519,540,568,582,589,596,617,631,674,680,687
"361",1,22,29,36,43,57,78,99,107,113,121,134,155,176,190,197,204,211,225,232,240,253,274,288,302,309,330,344,351,359,386,393,413,414,421,449,463,484,491,519,540,568,583,589,598,617,631,674,680,687
"362",1,22,29,36,43,57,78,99,106,113,120,134,155,182,190,197,204,211,225,232,239,253,274,288,303,309,330,344,351,361,386,393,408,414,421,449,463,484,491,519,540,568,582,589,596,617,631,674,680,687
"363",1,22,29,36,43,57,78,99,106,113,120,134,155,181,190,197,204,211,225,232,239,253,274,288,302,309,330,344,351,363,386,393,411,414,421,449,463,484,491,519,540,568,582,589,596,617,631,677,680,687
"364",1,22,29,36,43,57,78,99,106,113,120,134,155,180,190,197,204,211,226,232,239,253,274,288,303,309,330,344,351,360,386,393,410,414,421,449,463,484,497,519,540,568,582,589,596,617,631,673,681,687
"365",1,22,29,36,43,57,78,99,106,113,120,134,155,178,190,198,205,211,225,232,239,253,274,288,302,309,330,344,352,360,386,393,409,414,421,449,463,484,491,525,540,568,582,589,596,617,631,674,680,687
"366",1,22,29,36,43,57,78,99,106,113,120,134,155,182,190,197,204,211,225,232,239,253,276,288,303,309,330,344,351,359,386,393,410,414,421,449,463,484,491,519,540,568,582,589,596,617,631,673,680,687
"367",1,22,29,36,43,57,78,99,106,113,120,140,156,177,191,197,204,211,225,232,240,253,274,288,303,309,330,344,351,360,386,393,407,414,421,449,464,484,492,519,540,568,583,589,596,617,631,673,680,687
"368",1,22,29,36,43,57,78,99,106,113,120,134,156,176,190,197,207,211,225,232,239,253,274,288,302,309,330,344,351,359,386,393,408,414,421,449,463,484,491,519,540,568,582,589,596,617,631,679,680,687
"369",1,22,29,36,43,57,78,99,106,113,120,134,155,176,190,197,204,211,225,232,240,253,274,288,302,309,330,344,351,359,386,393,411,414,421,449,463,484,492,519,540,568,582,589,596,617,631,673,680,687
"370",1,22,29,36,43,57,78,99,106,113,120,134,155,178,190,198,204,212,225,232,245,253,274,288,303,309,330,344,351,359,386,393,407,414,421,449,463,484,491,519,541,568,582,589,597,617,631,673,680,687
"371",1,22,29,36,43,57,78,99,106,113,120,134,156,179,190,197,204,211,225,232,239,254,274,288,302,309,330,344,351,358,386,393,412,414,421,449,463,484,491,519,540,568,582,589,597,617,631,673,681,687
"372",6,22,30,36,43,63,78,99,106,113,120,134,155,177,190,197,204,211,225,234,239,256,274,288,302,309,330,344,351,359,386,393,407,414,421,449,463,484,492,519,540,568,582,589,596,617,631,673,681,687
"373",1,22,29,36,43,57,78,99,106,113,120,135,155,177,190,197,206,211,225,232,245,253,274,288,302,309,330,344,351,358,386,393,407,414,421,449,463,485,491,519,540,568,582,590,596,617,631,673,680,687
"374",7,27,35,38,43,57,78,101,106,113,120,134,155,176,190,197,204,211,225,232,239,253,274,288,302,309,330,344,351,358,386,393,407,414,421,449,463,484,491,519,540,568,582,589,596,617,631,673,680,687
"375",1,22,29,36,43,57,78,99,106,113,120,134,161,180,190,197,204,211,225,232,239,253,274,288,302,309,330,344,351,358,386,393,410,414,421,449,463,484,491,519,540,568,582,589,597,617,631,673,680,687
"376",1,22,29,36,43,57,78,99,106,113,120,134,155,179,190,197,204,211,225,232,239,253,274,288,302,309,330,344,351,360,386,393,413,414,421,449,463,484,495,519,540,568,582,589,597,617,631,673,680,687
"377",1,22,29,36,43,57,78,99,106,113,120,134,155,176,190,197,204,211,225,232,239,253,274,288,302,309,330,344,351,364,386,393,408,414,421,449,463,484,491,519,540,568,582,589,597,617,631,673,680,687
"378",1,22,29,36,43,57,78,99,106,113,120,134,155,177,190,197,204,211,225,233,239,253,274,288,302,309,330,344,351,360,386,393,409,414,421,449,464,484,492,519,540,568,582,589,596,617,632,673,680,687
"379",1,22,29,36,43,57,78,99,106,113,120,134,156,179,190,197,204,211,225,232,239,253,274,288,302,309,330,344,351,360,386,393,413,414,421,449,463,484,491,519,540,568,582,589,596,617,631,674,680,687
"380",1,22,29,36,43,57,78,99,106,113,120,134,155,178,190,197,204,211,226,233,240,253,274,288,302,309,330,344,351,359,386,393,409,414,421,449,464,484,491,519,540,568,583,589,596,617,632,674,680,687
"381",1,22,29,36,43,57,78,99,106,113,120,134,155,180,190,197,204,212,225,232,239,253,274,288,302,309,330,344,351,358,386,393,410,414,421,449,463,484,493,519,540,568,582,589,596,617,631,673,680,687
"382",1,22,29,36,43,57,78,99,106,113,120,134,155,182,190,197,205,212,225,232,239,256,274,288,302,309,330,344,351,363,386,393,407,414,421,449,463,484,491,519,540,568,582,589,596,617,631,676,680,687
"383",1,22,29,36,43,57,78,99,106,113,120,134,157,181,190,202,204,213,225,232,239,254,274,288,302,309,330,344,351,359,386,393,407,414,421,449,464,484,491,519,540,568,582,589,596,617,631,673,680,687
"384",1,22,29,36,43,57,78,99,106,113,120,135,156,177,190,197,204,211,225,232,239,253,274,288,302,309,330,344,351,359,386,393,407,414,421,449,464,484,491,519,540,568,582,589,596,617,631,675,680,687
"385",1,22,29,36,43,57,78,99,106,113,120,134,155,179,190,197,204,211,225,232,239,255,274,288,302,309,330,344,351,363,386,393,408,414,421,449,463,484,491,519,540,568,582,589,596,617,631,675,680,687
"386",1,22,29,36,43,57,78,100,106,113,120,134,155,176,190,197,204,212,225,232,239,255,274,288,303,309,330,344,351,358,386,393,409,414,421,449,463,484,491,519,540,568,582,589,596,617,631,673,680,687
"387",1,22,29,36,43,57,78,99,106,113,120,134,155,178,190,197,204,211,225,232,239,253,278,288,302,309,330,344,351,358,386,393,411,414,421,449,463,484,491,519,540,568,582,589,596,617,631,674,680,687
"388",1,22,29,36,43,57,78,99,106,113,120,136,155,176,190,197,204,211,225,232,239,253,274,288,302,309,330,344,351,358,386,393,410,414,421,449,464,484,491,519,540,568,583,589,596,617,631,674,681,687
"389",1,22,29,36,43,57,78,99,106,113,120,134,156,180,190,197,205,211,225,232,240,253,274,288,302,309,330,344,351,358,386,393,407,414,421,449,463,484,491,519,540,568,582,589,596,617,631,677,682,687
"390",1,22,29,36,43,57,78,99,106,113,120,134,156,182,190,197,204,211,225,232,239,253,274,288,302,309,330,344,351,361,386,393,407,414,421,449,463,484,491,519,541,568,582,589,596,617,631,673,680,687
"391",1,22,29,36,43,57,78,99,106,113,120,134,155,178,190,197,205,211,226,232,240,253,274,288,302,309,330,344,351,359,386,393,409,414,421,449,463,484,491,519,541,568,582,589,596,617,631,673,680,687
"392",1,22,29,36,43,57,78,99,106,113,120,134,157,180,190,197,204,214,225,232,239,255,274,288,303,309,330,344,351,360,386,393,407,414,421,449,463,484,491,519,540,568,583,589,596,617,632,673,680,687
"393",1,22,29,36,43,57,78,99,106,113,120,134,155,176,190,197,204,212,225,232,239,253,274,288,302,309,330,344,351,358,386,393,407,414,421,449,463,484,491,519,540,568,582,589,596,617,631,673,680,687
"394",1,22,29,36,43,57,78,99,106,113,120,134,155,176,190,197,204,215,225,232,239,254,274,288,302,309,331,344,351,361,386,393,407,414,421,449,463,484,491,519,540,568,582,589,596,617,631,673,680,687
"395",1,22,29,36,43,57,78,99,106,113,120,134,156,181,190,197,204,211,225,232,240,253,274,288,303,309,330,344,351,360,386,393,407,416,421,449,463,484,491,519,540,568,582,589,596,617,631,679,680,687
"396",1,22,29,36,43,57,78,99,106,113,120,134,156,179,190,198,204,215,225,232,239,259,274,288,302,309,332,344,351,358,386,393,407,414,421,449,463,484,491,519,540,568,582,589,596,617,631,673,680,687
"397",1,22,29,36,43,57,78,99,106,113,120,134,157,178,190,197,210,211,225,232,239,253,274,288,302,309,330,344,351,361,386,393,407,414,421,449,463,484,491,519,540,568,582,589,596,617,631,673,680,687
"398",1,22,29,36,43,57,78,99,106,113,120,134,155,178,190,197,204,211,225,232,239,253,275,288,303,309,330,344,351,359,386,393,412,414,421,449,463,484,497,519,540,568,582,589,596,617,631,673,680,687
"399",1,22,29,36,43,57,78,99,106,113,120,134,155,177,190,197,204,211,225,234,239,253,274,288,302,309,330,344,351,359,386,393,407,414,421,449,465,484,491,519,540,568,582,589,596,617,632,673,680,687
"400",1,22,29,36,43,57,78,99,106,113,120,134,159,177,190,197,204,211,225,232,240,253,274,288,302,309,330,344,351,361,386,393,407,414,421,449,463,484,491,519,540,568,582,589,596,617,631,673,680,687
"401",1,22,29,36,43,57,78,99,106,113,120,134,156,178,190,197,204,211,225,232,239,253,277,288,302,309,330,344,351,358,386,393,408,414,421,449,464,484,491,519,540,568,582,589,596,617,631,673,680,687
"402",1,22,29,36,43,57,78,99,106,113,120,134,155,180,190,197,204,211,225,232,239,253,274,288,303,309,330,344,351,363,386,393,413,414,421,449,463,484,491,519,540,568,582,589,596,617,631,674,680,687
"403",2,22,29,36,43,57,78,99,106,113,120,134,155,176,190,197,204,211,225,232,239,253,274,288,302,309,330,344,351,361,386,393,412,414,421,449,463,484,491,519,540,568,582,589,597,617,631,673,680,687
"404",1,22,29,36,43,57,78,99,106,113,120,134,155,182,190,197,204,212,225,232,239,256,274,288,303,309,331,344,351,358,386,393,407,414,421,449,463,484,491,519,540,568,582,589,596,617,631,676,680,687
"405",1,22,29,36,43,62,78,99,106,113,120,134,155,177,190,197,204,211,225,233,239,253,274,288,302,309,330,344,351,359,386,399,407,414,421,449,463,484,491,519,540,568,582,589,596,617,631,674,680,687
"406",1,22,29,36,43,57,78,99,106,113,120,134,156,179,190,197,204,211,225,232,239,253,274,288,302,309,330,344,351,364,386,393,407,414,421,449,463,484,491,519,540,568,582,589,596,617,631,679,680,687
"407",1,22,29,36,43,57,78,99,106,113,120,134,155,179,190,197,204,211,225,232,239,253,274,288,302,309,330,344,352,359,386,393,410,414,421,449,464,484,491,519,540,568,582,589,596,617,631,673,680,687
"408",1,22,29,36,43,57,78,99,106,113,120,134,155,176,190,197,204,211,225,232,239,253,274,288,302,309,330,344,351,359,386,393,407,414,421,449,463,484,491,519,540,568,582,590,598,617,632,674,680,687
"409",2,22,29,36,43,57,78,99,106,113,120,134,155,176,190,197,204,211,225,232,239,253,274,288,302,309,330,344,351,364,386,393,412,414,421,449,463,484,491,519,540,568,582,589,596,617,631,677,680,687
"410",1,22,29,36,43,57,78,99,106,113,120,134,156,176,190,197,204,211,225,232,239,253,274,288,303,309,330,344,356,359,386,393,407,414,421,449,465,484,491,519,541,568,582,589,597,617,631,673,680,687
"411",1,22,29,36,43,57,78,99,106,113,120,134,156,181,190,197,204,211,225,232,239,253,275,288,302,309,330,344,351,364,386,393,407,414,421,449,463,484,491,519,540,568,582,589,596,617,631,679,680,687
"412",1,22,29,36,43,57,78,99,106,113,120,134,155,176,191,197,204,211,225,232,245,253,275,288,302,309,330,344,351,358,386,393,407,414,421,449,463,484,491,519,540,568,582,589,596,617,631,673,680,687
"413",1,22,29,36,43,57,78,99,106,113,120,134,155,182,190,197,204,211,225,232,239,253,274,288,302,309,330,344,351,360,386,393,412,414,421,449,463,484,491,519,540,568,582,589,596,617,631,675,680,687
"414",1,22,29,36,43,57,78,99,106,113,120,134,156,180,190,197,204,211,225,232,239,253,274,288,302,309,330,344,351,364,386,393,410,414,421,449,463,484,495,519,540,568,582,589,596,617,631,673,680,687
"415",1,22,29,36,43,57,78,99,106,113,120,134,155,177,190,197,204,211,225,232,240,253,275,288,302,309,330,344,351,358,386,393,407,414,421,449,465,484,491,519,540,568,582,589,596,617,631,673,680,687
"416",1,22,29,37,43,57,78,99,106,113,120,134,156,179,190,197,204,211,225,232,240,253,276,288,302,309,330,344,351,363,386,393,411,414,421,449,463,484,494,519,540,568,582,589,596,617,631,673,680,687
"417",1,22,29,36,43,57,78,99,106,113,120,134,155,177,190,197,204,211,225,232,245,253,274,288,302,309,330,344,351,359,386,393,408,414,421,449,465,484,491,519,540,568,582,589,596,617,631,674,680,687
"418",1,22,29,36,43,57,78,99,106,113,120,134,155,178,190,197,204,211,225,232,239,253,274,288,302,309,330,344,351,362,386,393,410,414,422,449,464,484,491,519,540,568,582,589,596,617,631,673,680,687
"419",1,22,29,36,43,57,78,99,106,113,120,134,155,180,190,197,204,211,225,232,239,253,274,288,302,309,330,344,351,359,386,393,407,414,421,449,463,484,491,519,540,568,582,589,596,618,631,675,680,687
"420",1,22,29,36,43,57,78,99,106,113,120,134,156,177,190,197,205,211,225,232,239,253,274,288,302,309,330,344,351,362,386,394,407,414,421,449,463,484,491,519,540,568,582,589,596,617,631,674,682,687
"421",1,22,29,36,43,57,78,99,106,113,120,134,155,176,190,197,204,211,225,232,239,253,274,288,302,309,330,344,351,358,386,393,408,414,421,449,465,484,491,519,540,568,582,589,596,617,631,673,680,687
"422",1,22,29,36,43,57,78,99,106,113,120,134,155,180,190,197,204,211,225,233,239,255,276,288,302,309,330,344,351,361,386,393,407,414,421,449,463,484,491,519,540,568,582,589,596,617,631,675,680,687
"423",1,22,29,36,43,57,78,99,106,113,120,134,155,176,190,197,204,211,225,232,239,253,274,288,302,309,330,344,351,359,386,393,407,414,421,449,464,484,491,519,540,568,582,589,596,617,631,679,680,687
"424",1,22,29,36,43,57,78,99,106,113,120,134,157,180,190,197,204,211,225,237,244,253,275,288,303,309,330,344,351,360,386,393,407,416,421,449,463,484,491,519,540,568,582,589,596,617,631,674,680,687
"425",1,22,29,36,43,57,78,99,106,113,120,134,155,176,190,197,204,211,225,232,239,254,274,288,302,309,330,344,351,361,386,393,407,414,421,449,464,484,491,519,540,568,582,589,596,617,631,673,680,687
"426",1,22,29,36,43,57,78,99,106,113,120,134,155,178,190,197,204,211,225,232,239,253,274,288,302,309,330,344,351,359,386,393,407,414,421,449,463,484,491,519,540,568,582,589,596,617,632,674,680,687
"427",1,22,29,36,43,57,78,99,106,113,120,134,155,177,190,197,205,211,225,232,239,253,275,288,302,309,330,344,351,360,386,393,407,414,421,449,463,484,491,519,540,568,583,589,596,617,631,676,680,687
"428",1,22,29,36,43,57,78,99,106,113,120,134,155,177,190,197,204,211,225,232,239,255,274,288,302,309,330,344,351,359,386,393,407,414,421,449,464,484,491,519,540,568,583,589,596,617,631,675,680,687
"429",1,22,29,36,43,57,78,99,106,113,120,134,156,177,190,197,204,211,225,232,245,253,274,288,302,309,330,344,351,358,386,393,408,414,421,449,465,484,491,519,540,568,582,589,596,617,632,674,680,687
"430",1,22,29,36,43,57,78,99,106,113,120,134,155,176,190,197,204,211,225,232,239,253,280,288,302,309,330,344,351,359,386,393,407,414,421,449,463,484,491,519,540,568,582,589,596,617,631,679,680,687
"431",2,22,29,36,43,57,78,99,106,113,120,134,155,176,190,197,204,211,225,232,239,253,274,288,302,309,330,344,351,360,386,393,407,414,421,449,463,484,491,519,540,568,582,589,598,617,631,673,680,687
"432",1,22,29,36,43,57,78,99,106,113,120,134,155,182,190,198,204,213,225,232,239,254,274,288,303,309,330,344,351,360,386,393,407,414,421,449,463,484,491,519,541,568,582,589,596,617,631,673,680,687
"433",1,22,29,36,43,57,78,99,106,113,120,134,155,177,190,197,205,211,225,232,239,253,274,288,302,309,330,344,351,359,386,393,409,414,421,449,463,484,494,519,540,568,582,593,596,617,631,673,680,687
"434",1,22,29,36,43,57,78,99,106,113,120,134,155,178,190,197,204,211,225,232,239,253,274,288,302,309,330,344,351,360,386,393,407,414,421,449,463,484,491,519,540,568,582,589,596,617,631,675,680,687
"435",1,22,29,36,43,63,78,99,106,113,120,135,156,178,191,197,204,211,225,232,245,253,274,288,302,309,330,344,351,359,386,397,407,414,421,449,463,484,491,519,540,568,583,589,596,617,631,673,680,687
"436",1,22,29,36,43,57,78,99,106,113,120,134,155,182,190,197,204,211,225,233,239,253,274,288,302,309,330,344,351,358,386,393,407,414,421,449,463,484,491,519,540,568,582,589,596,617,631,675,680,687
"437",1,22,29,36,43,57,78,99,106,113,120,134,155,179,190,197,204,211,225,232,239,254,274,288,302,309,330,344,351,359,386,393,407,414,421,449,463,484,497,519,540,568,582,589,596,617,631,673,680,687
"438",1,22,29,36,43,57,78,99,106,113,120,134,155,176,190,197,204,211,225,237,239,253,274,288,302,309,330,344,351,358,386,393,407,414,421,449,463,484,491,519,540,568,582,589,596,617,632,673,680,687
"439",1,22,29,36,43,57,78,99,106,113,120,134,155,177,190,197,210,211,225,232,239,253,274,288,302,309,330,344,353,359,386,393,407,414,421,449,463,486,491,519,540,568,582,589,596,617,631,674,680,687
"440",1,22,29,36,43,57,78,99,106,113,121,134,155,177,190,197,204,211,225,232,241,253,274,288,303,309,330,344,351,360,386,393,407,414,421,449,463,484,491,519,540,568,582,589,598,617,631,673,680,687
"441",1,22,29,36,43,57,78,99,106,113,120,134,155,176,190,197,204,211,225,232,239,253,274,288,302,309,330,344,351,358,386,393,410,414,421,449,463,484,491,519,540,568,582,589,596,617,631,674,680,687
"442",1,22,29,36,43,57,78,100,106,113,120,134,156,176,190,197,204,211,225,233,239,259,274,288,303,309,330,344,351,358,386,393,407,414,421,449,464,484,491,519,540,568,582,589,596,617,631,675,680,687
"443",1,22,29,36,43,63,78,99,106,113,120,134,155,177,190,197,204,211,225,233,239,253,274,288,302,309,330,344,351,360,386,393,413,414,421,449,463,484,495,519,540,568,582,589,596,617,631,673,680,687
"444",1,22,29,36,43,57,78,99,106,113,120,134,156,181,190,197,204,211,225,232,241,253,275,288,302,309,331,344,355,364,386,393,408,414,421,449,463,484,491,519,540,568,582,589,596,617,631,674,680,687
"445",4,22,30,36,43,57,78,99,106,113,120,134,155,178,190,197,204,211,226,233,239,253,274,288,302,309,330,344,351,359,386,393,408,414,421,449,463,484,491,519,540,568,582,589,599,617,631,674,681,687
"446",1,22,29,36,43,57,78,99,106,113,120,134,155,180,190,197,204,211,225,233,239,253,274,288,302,309,330,344,351,358,386,393,407,414,421,449,465,484,491,519,540,568,582,589,596,617,631,673,680,687
"447",1,22,29,36,43,57,78,99,106,113,120,134,155,176,190,197,208,213,225,232,239,259,274,288,302,309,330,344,351,358,386,393,407,414,421,449,463,484,491,519,542,568,582,589,596,618,631,673,680,687
"448",1,22,29,36,43,57,78,100,108,113,120,134,155,181,190,197,204,211,225,232,239,253,275,288,302,309,330,344,351,359,386,393,407,414,421,449,463,484,491,519,541,568,585,589,596,617,631,675,680,687
"449",1,22,29,36,43,57,78,99,106,113,120,134,155,182,190,197,207,211,225,232,239,253,274,288,302,309,330,344,351,360,386,393,407,414,421,449,463,484,491,519,540,568,582,589,596,617,631,674,680,687
"450",1,22,29,36,43,57,78,99,106,113,120,134,155,177,190,197,204,211,225,232,242,253,274,288,302,309,330,344,351,360,386,393,408,414,421,449,464,484,491,519,540,568,582,590,596,617,631,673,680,687
"451",1,22,29,36,43,57,78,99,106,113,120,134,155,181,190,199,204,211,225,232,239,253,274,288,302,309,330,344,352,361,386,393,413,414,422,449,463,484,491,519,540,568,582,589,596,617,631,674,680,687
"452",1,22,29,36,43,57,78,99,106,113,120,134,157,180,190,197,204,211,225,232,239,253,274,288,302,309,330,344,351,360,386,393,413,414,421,449,463,484,491,519,540,568,582,589,596,617,631,675,680,687
"453",1,22,29,36,43,57,78,99,106,113,120,134,155,179,190,197,204,211,225,232,240,253,275,288,302,309,330,344,351,359,386,393,411,414,421,449,463,484,491,519,540,568,582,589,596,617,631,673,680,687
"454",1,22,29,36,43,57,78,99,107,113,120,134,155,179,190,197,204,211,225,232,241,253,274,288,302,309,330,345,351,359,386,393,407,414,421,449,463,484,491,519,540,568,583,589,596,617,631,673,680,687
"455",1,22,29,36,43,57,78,99,106,113,120,134,155,176,190,197,204,214,225,232,239,259,274,288,302,309,330,344,351,358,386,393,407,414,421,449,463,484,491,519,540,568,582,589,596,617,632,673,680,687
"456",1,22,29,36,43,57,78,99,106,114,120,134,155,179,190,197,204,211,225,232,239,253,274,288,302,309,330,344,351,359,386,393,407,414,421,449,464,484,491,519,540,568,582,589,596,618,631,674,680,687
"457",1,22,29,36,43,57,78,99,106,113,120,134,155,181,190,197,204,211,225,232,245,253,274,288,302,309,330,344,351,358,386,393,413,414,421,449,463,484,491,519,540,568,582,589,596,617,631,674,680,687
"458",1,22,29,36,43,57,78,99,106,113,120,134,155,181,190,198,204,211,225,236,239,255,274,288,302,309,330,344,351,358,386,393,407,414,421,449,464,484,491,519,541,568,582,589,596,617,631,673,680,687
"459",1,22,29,36,43,57,78,99,106,113,120,134,155,176,190,197,204,211,225,232,245,253,274,288,302,309,330,344,352,358,386,393,408,414,421,449,463,484,491,519,540,568,582,590,596,617,631,673,680,687
"460",1,22,29,36,43,58,78,99,106,113,120,134,155,177,190,198,204,211,225,232,239,254,274,288,304,309,330,344,351,358,386,393,407,414,421,449,463,484,491,519,540,568,582,589,596,617,631,673,680,687
"461",1,22,29,36,43,57,78,99,106,113,120,134,155,178,190,197,204,211,225,232,239,255,274,288,302,309,330,344,351,359,386,393,413,414,421,449,463,484,491,519,540,568,582,589,596,617,631,673,680,687
"462",4,22,29,37,43,57,78,99,106,113,120,134,155,176,190,198,205,211,225,232,239,253,274,288,302,309,330,344,353,358,386,393,411,414,421,449,465,484,491,519,540,568,582,589,596,617,631,673,681,687
"463",1,22,29,36,43,58,78,99,106,113,120,134,156,178,190,197,205,211,226,232,240,253,274,288,302,309,330,344,351,362,386,393,407,414,421,449,464,484,497,519,540,568,582,589,596,617,631,673,680,687
"464",1,22,29,36,43,57,78,99,106,113,120,134,155,176,190,197,205,211,225,233,239,253,278,288,302,309,330,344,352,358,386,393,407,414,421,449,464,485,491,519,540,568,582,589,596,617,631,673,680,687
"465",1,22,29,36,43,57,78,99,106,113,120,134,156,178,190,197,204,211,225,232,243,253,274,288,302,309,330,344,353,358,386,393,407,414,421,449,463,484,491,519,540,568,582,589,596,617,631,679,680,687
"466",1,22,29,36,43,57,78,99,106,113,120,134,155,177,190,198,207,211,225,232,239,253,274,288,302,309,330,344,351,360,386,393,410,414,421,449,463,484,491,519,540,568,582,589,596,617,631,674,680,687
"467",1,22,29,36,43,57,78,99,106,113,120,134,155,177,190,197,204,211,225,232,239,253,275,288,302,309,330,345,351,361,386,393,407,414,421,449,463,484,491,519,540,568,582,589,596,617,631,673,680,687
"468",1,22,29,36,43,57,78,99,106,113,120,134,155,178,190,197,206,211,225,232,241,254,274,288,302,309,330,344,351,358,386,393,407,414,421,449,463,484,491,519,540,568,582,589,596,617,631,673,680,687
"469",1,22,29,36,43,57,78,99,106,113,120,134,155,178,190,197,204,211,225,232,239,253,274,288,302,309,330,344,351,359,386,393,409,414,421,449,463,484,491,519,540,568,582,589,596,617,631,673,680,687
"470",1,22,29,36,43,57,78,99,106,113,120,134,155,178,190,197,204,212,225,232,239,254,274,288,302,309,330,344,351,360,386,393,413,414,421,449,463,484,491,519,540,568,582,589,596,617,631,675,680,687
"471",1,22,29,36,43,57,78,99,106,113,120,134,155,177,190,197,204,211,225,233,239,253,274,288,302,309,330,344,351,364,386,393,410,414,421,449,463,484,491,519,540,568,582,589,596,617,631,674,680,687
"472",1,22,29,36,43,57,78,99,106,113,120,134,155,176,190,197,204,211,225,232,245,256,274,288,303,309,330,344,351,358,386,393,407,414,421,449,463,484,491,519,540,568,582,589,596,618,631,673,680,687
"473",1,22,29,36,43,57,78,99,106,113,120,134,155,176,190,197,204,211,225,232,239,254,274,288,302,309,330,344,351,359,386,393,410,416,421,449,463,484,492,519,540,568,584,589,597,617,631,673,680,687
"474",1,22,29,36,43,57,78,99,106,113,120,134,156,182,190,197,204,211,225,232,240,253,275,288,302,309,330,344,351,360,386,393,407,414,421,449,463,484,491,519,540,568,582,589,596,617,631,674,680,687
"475",1,22,29,36,43,57,78,99,106,113,120,134,155,176,190,197,204,212,225,232,239,253,274,288,302,309,330,344,351,360,386,393,409,414,421,449,463,484,491,519,540,568,582,589,596,617,631,673,680,687
"476",1,22,29,36,43,57,78,99,106,115,120,134,155,176,190,197,204,211,225,232,245,255,274,288,302,309,330,344,351,358,386,393,407,414,421,449,463,484,491,519,540,568,583,589,596,617,631,673,680,687
"477",1,22,29,36,43,58,78,99,106,113,120,134,155,178,190,197,204,211,225,232,240,253,274,288,302,309,330,344,353,361,386,393,408,414,421,449,463,484,491,519,540,568,582,589,596,617,631,675,680,687
"478",1,22,29,36,43,57,78,99,106,113,120,134,155,179,190,197,204,211,225,232,239,253,274,288,302,309,330,344,351,361,386,393,409,414,421,449,463,484,491,519,540,568,582,589,597,617,631,674,680,687
"479",1,22,29,36,43,57,78,99,106,113,120,134,155,178,190,197,207,211,225,232,239,253,274,288,302,309,330,344,351,364,386,393,408,414,421,449,463,484,491,519,540,568,582,589,596,617,631,674,680,687
"480",1,22,29,36,43,57,78,100,106,113,120,134,155,182,190,197,205,211,225,232,239,253,276,288,302,309,330,344,351,364,386,393,407,414,421,449,463,484,491,519,540,568,582,589,596,617,631,677,680,687
